MESE,ANNO,NUMERO
9,2026,11831527
8,2026,11573537
7,2026,11419202
6,2026,11192222
5,2026,10980340
4,2026,10763117
3,2026,10539264
2,2026,10283993
1,2026,10054266
12,2025,9797526
11,2025,9625826
10,2025,9406317
9,2025,9151420
8,2025,8876919
7,2025,8715948
6,2025,8485373
5,2025,8276399
4,2025,8051645
3,2025,7845672
2,2025,7606898
1,2025,7394662
12,2024,7202033
11,2024,7074920
10,2024,6917042
9,2024,6725419
8,2024,6533085
7,2024,6427140
6,2024,6261207
5,2024,6105809
4,2024,5922146
3,2024,5755176
2,2024,5575598
1,2024,5385070
12,2023,5172731
11,2023,5035563
10,2023,4873303
9,2023,4686835
8,2023,4494873
7,2023,4376886
6,2023,4218021
5,2023,4062850
4,2023,3885246
3,2023,3735990
2,2023,3540695
1,2023,3350307
12,2022,3120892
11,2022,2972451
10,2022,2785113
9,2022,2577044
8,2022,2352493
7,2022,2221223
6,2022,2051024
5,2022,1876145
4,2022,1677606
3,2022,1507602
2,2022,1297387
1,2022,1085754
12,2021,838870
11,2021,655330
10,2021,104654
9,2021,74273
8,2021,61380
7,2021,53905
6,2021,43842
5,2021,31004
4,2021,18330