DATA_ELABORAZIONE,CIE,CNS,SPID,EIDAS
29-11-2025,2571708,2162674,40423710,3799
28-11-2025,2567560,2158148,40389502,3787
27-11-2025,2562603,2152872,40348085,3772
26-11-2025,2557113,2147074,40304563,3753
25-11-2025,2551454,2141274,40259827,3741
24-11-2025,2545496,2135471,40213685,3717
23-11-2025,2543215,2135164,40198311,3710
22-11-2025,2540809,2134735,40182309,3702
21-11-2025,2536130,2130110,40146522,3699
20-11-2025,2530674,2124548,40103097,3687
19-11-2025,2524913,2118665,40057905,3660
18-11-2025,2518884,2112721,40011179,3646
17-11-2025,2512791,2106581,39962995,3615
16-11-2025,2510481,2106244,39947956,3612
15-11-2025,2508099,2105766,39931759,3609
14-11-2025,2503502,2101045,39894074,3614
13-11-2025,2498083,2095222,39849554,3603
12-11-2025,2492732,2089299,39803697,3596
11-11-2025,2487066,2083353,39756119,3582
10-11-2025,2481224,2077331,39706985,3559
09-11-2025,2478976,2076958,39691745,3552
08-11-2025,2476687,2076437,39675913,3546
07-11-2025,2472149,2071541,39638425,3531
05-11-2025,2460874,2060050,39547041,3526
04-11-2025,2455138,2054139,39498935,3501
03-11-2025,2449442,2047977,39449783,3482
02-11-2025,2447184,2047609,39434008,3472
01-11-2025,2445308,2047024,39419941,3454
31-10-2025,2441425,2042607,39385514,3448
30-10-2025,2436132,2037028,39341119,3415
29-10-2025,2431136,2031174,39295048,3402
28-10-2025,2425741,2024829,39246102,3374
27-10-2025,2419256,2017029,39186469,3375
26-10-2025,2416546,2016566,39166709,3366
25-10-2025,2414491,2016066,39151102,3356
24-10-2025,2410373,2011141,39113343,3340
23-10-2025,2404803,2005280,39069128,3333
22-10-2025,2399087,1999480,39022093,3311
21-10-2025,2393513,1993400,38973609,3296
20-10-2025,2388278,1987272,38923773,3287
19-10-2025,2386192,1986957,38909031,3280
18-10-2025,2384153,1986490,38893410,3279
17-10-2025,2379746,1981611,38854509,3274
16-10-2025,2374372,1975808,38807996,3258
15-10-2025,2368573,1969725,38759447,3245
14-10-2025,2362335,1963745,38706851,3238
13-10-2025,2356108,1957562,38653773,3224
12-10-2025,2353772,1957215,38637531,3218
11-10-2025,2351552,1956730,38620382,3208
10-10-2025,2346989,1952091,38580400,3191
09-10-2025,2341477,1946500,38533029,3170
08-10-2025,2335943,1940778,38483469,3156
07-10-2025,2330324,1935026,38433129,3146
06-10-2025,2324544,1929171,38381291,3135
05-10-2025,2322406,1928858,38365313,3124
04-10-2025,2320298,1928428,38349414,3120
03-10-2025,2316011,1923340,38310426,3115
02-10-2025,2310879,1917639,38263614,3107
01-10-2025,2305444,1912092,38213195,3085
30-09-2025,2299572,1906498,38160974,3067
29-09-2025,2293865,1900813,38107952,3058
28-09-2025,2291862,1900504,38091971,3050
27-09-2025,2289612,1900049,38074292,3046
26-09-2025,2284813,1895395,38031945,3036
25-09-2025,2279918,1889904,37985045,3025
24-09-2025,2274483,1884057,37933902,3016
23-09-2025,2268960,1878217,37880722,3009
22-09-2025,2263176,1872573,37827483,2985
21-09-2025,2261091,1872294,37811805,2979
20-09-2025,2258911,1871843,37794444,2968
19-09-2025,2254343,1867303,37753370,2957
18-09-2025,2248934,1861861,37704076,2947
17-09-2025,2243417,1856092,37652046,2935
16-09-2025,2237590,1850361,37598235,2922
15-09-2025,2231821,1844694,37543379,2900
14-09-2025,2229678,1844450,37527202,2895
13-09-2025,2227441,1844051,37509746,2887
12-09-2025,2222901,1839631,37467891,2879
11-09-2025,2217529,1834228,37417441,2862
10-09-2025,2211993,1828779,37365457,2842
09-09-2025,2206286,1823111,37312669,2821
08-09-2025,2200679,1817556,37260438,2807
07-09-2025,2198745,1817329,37245730,2796
06-09-2025,2196769,1816976,37229608,2783
05-09-2025,2192574,1812872,37189639,2772
04-09-2025,2187734,1807833,37142609,2764
03-09-2025,2182551,1802493,37093326,2755
02-09-2025,2177276,1797162,37042157,2743
01-09-2025,2171981,1792128,36991096,2728
31-08-2025,2170388,1791941,36977573,2719
30-08-2025,2168602,1791683,36962866,2711
29-08-2025,2165164,1789316,36932393,2704
28-08-2025,2160981,1786457,36896008,2695
27-08-2025,2156627,1783641,36858954,2691
26-08-2025,2152293,1780972,36821190,2681
25-08-2025,2147926,1778401,36783251,2670
24-08-2025,2146441,1778264,36772052,2662
23-08-2025,2144960,1778045,36760414,2657
22-08-2025,2142238,1776986,36737812,2638
21-08-2025,2139009,1775705,36711868,2625
20-08-2025,2135740,1774470,36685410,2620
19-08-2025,2132487,1773301,36658980,2606
18-08-2025,2129229,1772171,36632376,2590
17-08-2025,2127999,1772047,36623601,2589
16-08-2025,2126901,1771888,36615167,2581
15-08-2025,2125923,1771813,36608150,2580
14-08-2025,2123954,1771287,36593141,2578
13-08-2025,2121253,1770478,36572566,2574
12-08-2025,2118328,1769445,36549216,2572
11-08-2025,2115401,1768298,36524436,2571
10-08-2025,2114124,1768187,36515352,2568
09-08-2025,2112715,1767967,36504380,2565
08-08-2025,2109689,1766193,36479655,2558
07-08-2025,2105923,1763621,36447867,2550
06-08-2025,2101817,1760817,36413351,2542
05-08-2025,2097690,1757814,36377097,2535
04-08-2025,2093296,1754630,36338382,2510
03-08-2025,2091781,1754408,36326770,2505
02-08-2025,2090033,1754078,36312914,2500
01-08-2025,2086515,1750727,36281074,2489
31-07-2025,2082413,1746205,36242295,2487
30-07-2025,2077977,1741412,36200833,2484
29-07-2025,2073369,1736476,36156611,2475
28-07-2025,2068559,1731348,36111177,2463
27-07-2025,2066933,1731074,36098954,2462
26-07-2025,2065163,1730657,36084858,2457
25-07-2025,2061476,1726458,36049883,2450
24-07-2025,2057094,1720929,36007077,2441
23-07-2025,2052512,1715237,35963044,2425
22-07-2025,2047710,1709827,35916752,2415
18-07-2025,2036757,1699610,35812799,2385
17-07-2025,2032402,1694475,35769445,2377
16-07-2025,2028107,1689099,35725033,2376
15-07-2025,2023741,1683729,35679710,2369
14-07-2025,2019087,1678364,35633371,2360
13-07-2025,2017435,1678088,35619662,2358
12-07-2025,2015873,1677652,35605309,2355
11-07-2025,2012420,1673538,35570647,2347
10-07-2025,2008131,1667934,35528161,2342
09-07-2025,2003963,1662884,35484961,2336
08-07-2025,1999556,1657631,35440217,2324
07-07-2025,1995128,1652504,35393831,2318
06-07-2025,1993451,1652249,35380851,2316
05-07-2025,1991810,1651882,35367059,2313
04-07-2025,1988386,1647954,35332584,2305
03-07-2025,1984407,1642987,35291238,2290
02-07-2025,1980296,1637868,35248531,2286
01-07-2025,1976094,1632904,35204760,2279
30-06-2025,1971840,1627974,35160820,2275
29-06-2025,1970434,1627739,35148838,2274
28-06-2025,1968880,1627338,35135592,2272
27-06-2025,1965506,1623461,35102905,2263
26-06-2025,1961531,1618676,35063059,2259
25-06-2025,1957356,1613642,35020845,2244
24-06-2025,1952964,1608825,34978091,2239
23-06-2025,1948596,1603880,34934533,2227
22-06-2025,1947051,1603620,34922474,2222
21-06-2025,1945428,1603245,34908938,2213
20-06-2025,1942150,1599294,34875502,2203
19-06-2025,1940831,1597871,34862624,2201
18-06-2025,1934059,1588921,34793527,2190
17-06-2025,1929775,1583471,34749824,2184
16-06-2025,1925654,1578687,34707884,2173
15-06-2025,1924111,1578416,34696104,2167
14-06-2025,1922598,1578006,34682821,2163
13-06-2025,1919351,1573933,34649383,2153
12-06-2025,1915359,1568817,34608694,2139
11-06-2025,1911188,1563508,34565913,2129
10-06-2025,1906941,1558234,34521707,2131
09-06-2025,1902527,1553146,34475554,2122
08-06-2025,1900387,1552876,34456576,2115
07-06-2025,1898400,1552456,34439113,2112
06-06-2025,1895110,1548284,34403757,2103
05-06-2025,1891087,1543335,34361118,2092
04-06-2025,1886896,1538048,34316638,2078
03-06-2025,1882699,1533069,34271516,2065
02-06-2025,1880944,1532658,34256245,2062
01-06-2025,1879808,1532496,34246568,2059
31-05-2025,1878278,1532119,34233954,2053
30-05-2025,1875096,1528212,34201163,2054
29-05-2025,1871167,1523241,34160530,2044
28-05-2025,1867108,1518147,34117258,2025
27-05-2025,1862778,1512959,34072019,2019
26-05-2025,1858446,1507742,34026274,2013
25-05-2025,1856792,1507471,34012690,2012
24-05-2025,1855190,1507009,33998067,2010
23-05-2025,1851928,1502829,33963265,2003
22-05-2025,1847925,1497645,33921409,2000
21-05-2025,1843766,1492496,33877726,1993
20-05-2025,1839041,1487147,33830925,1985
19-05-2025,1835427,1481746,33784610,1970
18-05-2025,1833989,1481469,33771843,1966
17-05-2025,1832383,1481064,33756969,1961
16-05-2025,1828958,1476843,33720834,1956
15-05-2025,1825031,1471947,33678513,1948
14-05-2025,1820972,1466803,33634002,1940
13-05-2025,1816771,1461529,33588290,1936
12-05-2025,1812412,1456247,33541772,1919
11-05-2025,1810861,1455950,33529341,1915
10-05-2025,1809306,1455530,33515065,1909
09-05-2025,1806065,1451449,33480409,1899
08-05-2025,1802266,1446608,33439775,1898
07-05-2025,1798302,1441591,33396325,1890
06-05-2025,1794102,1436279,33351275,1882
05-05-2025,1789821,1430991,33304774,1872
04-05-2025,1788293,1430683,33291201,1867
03-05-2025,1786924,1430124,33278207,1863
02-05-2025,1784420,1427833,33251347,1856
01-05-2025,1782975,1427517,33238887,1840
30-04-2025,1779719,1423112,33203245,1835
29-04-2025,1775698,1418239,33160291,1826
28-04-2025,1771579,1413341,33116364,1820
27-04-2025,1770225,1413028,33104423,1815
26-04-2025,1768954,1412654,33092945,1812
25-04-2025,1767541,1412330,33080985,1809
24-04-2025,1764220,1408158,33045574,1801
23-04-2025,1760484,1403476,33005322,1794
22-04-2025,1756858,1399007,32965732,1777
21-04-2025,1755629,1398794,32955616,1775
20-04-2025,1754733,1398729,32947945,1774
19-04-2025,1753538,1398496,32937065,1768
18-04-2025,1750983,1395604,32909887,1766
17-04-2025,1747576,1391410,32873701,1760
16-04-2025,1743949,1386573,32833478,1761
15-04-2025,1739981,1381480,32790562,1737
14-04-2025,1735739,1376211,32745386,1720
13-04-2025,1734164,1375941,32731615,1716
12-04-2025,1732649,1375559,32717662,1711
11-04-2025,1729678,1371430,32683837,1698
10-04-2025,1725996,1366757,32643332,1728
09-04-2025,1722250,1361728,32601481,1709
08-04-2025,1718371,1356500,32558628,1689
07-04-2025,1714475,1351258,32512961,1680
06-04-2025,1713004,1350958,32500136,1675
05-04-2025,1711581,1350554,32486459,1670
04-04-2025,1708667,1346439,32452631,1663
03-04-2025,1705046,1341326,32410723,1646
02-04-2025,1701268,1336256,32367821,1627
01-04-2025,1697243,1331066,32322762,1605
31-03-2025,1693370,1325743,32278071,1589
30-03-2025,1691988,1325482,32265997,1587
29-03-2025,1690372,1325009,32250843,1583
28-03-2025,1687228,1320879,32216027,1575
27-03-2025,1683581,1316004,32174695,1577
26-03-2025,1679827,1311007,32131799,1570
25-03-2025,1675970,1305677,32087360,1561
24-03-2025,1672031,1300127,32040775,1550
23-03-2025,1670532,1299808,32026098,1544
22-03-2025,1668942,1299366,32010166,1539
21-03-2025,1710644,1323599,32442864,1597
20-03-2025,1706232,1318333,32393333,1590
19-03-2025,1701851,1312820,32344109,1582
18-03-2025,1697383,1307347,32290212,1575
17-03-2025,1692448,1301639,32233577,1563
16-03-2025,1690555,1301319,32216328,1560
15-03-2025,1688546,1300765,32196643,1557
14-03-2025,1684645,1296079,32152414,1552
13-03-2025,1680166,1290688,32101734,1538
12-03-2025,1675627,1284981,32048433,1516
11-03-2025,1670753,1279379,31994022,1500
10-03-2025,1665412,1273790,31933830,1485
09-03-2025,1663471,1273461,31915875,1483
08-03-2025,1661697,1272942,31898323,1482
07-03-2025,1657981,1268315,31855734,1469
06-03-2025,1653536,1263105,31804639,1455
05-03-2025,1649043,1257641,31751912,1450
04-03-2025,1644291,1252407,31699453,1439
03-03-2025,1638925,1247079,31641176,1427
02-03-2025,1636981,1246763,31624035,1423
01-03-2025,1634901,1246236,31604391,1415
28-02-2025,1631099,1241898,31560494,1398
27-02-2025,1627161,1236712,31513064,1395
26-02-2025,1622441,1231226,31458941,1388
25-02-2025,1617490,1225656,31403346,1375
24-02-2025,1612854,1220064,31347237,1365
23-02-2025,1611120,1219714,31330056,1361
22-02-2025,1609331,1219272,31311395,1360
21-02-2025,1605547,1214767,31267946,1357
20-02-2025,1600909,1209288,31216128,1348
19-02-2025,1596843,1203767,31161862,1341
18-02-2025,1592317,1197942,31104358,1338
17-02-2025,1587272,1191763,31043922,1331
16-02-2025,1585572,1191426,31026523,1330
15-02-2025,1583757,1190961,31007878,1328
14-02-2025,1580119,1186061,30963372,1321
13-02-2025,1575606,1180165,30908023,1315
12-02-2025,1563368,1171897,30775413,1309
11-02-2025,1545524,1144198,30572447,1297
10-02-2025,1541808,1140400,30529941,1288
09-02-2025,1540044,1139979,30513873,1281
08-02-2025,1538326,1139489,30497035,1280
07-02-2025,1535184,1135421,30459223,1268
06-02-2025,1531404,1130847,30414629,1256
05-02-2025,1527604,1126096,30368905,1246
04-02-2025,1523605,1121208,30321097,1230
03-02-2025,1519491,1116296,30271038,1215
02-02-2025,1517961,1116025,30255219,1214
01-02-2025,1516277,1115555,30237567,1206
31-01-2025,1513071,1111499,30199326,1192
30-01-2025,1509354,1106774,30154947,1188
29-01-2025,1505522,1102016,30108088,1179
28-01-2025,1501366,1097178,30058260,1177
27-01-2025,1496996,1092571,30007682,1171
26-01-2025,1495244,1092291,29991605,1168
25-01-2025,1493556,1091860,29974375,1168
24-01-2025,1490305,1088009,29935165,1164
23-01-2025,1486483,1083365,29888486,1159
22-01-2025,1482542,1078374,29838885,1155
21-01-2025,1478338,1073509,29786762,1144
20-01-2025,1473811,1068644,29734599,1131
19-01-2025,1472062,1068337,29717653,1131
18-01-2025,1470386,1067873,29701051,1126
17-01-2025,1467035,1063839,29659551,1121
16-01-2025,1463786,1059890,29619773,1117
15-01-2025,1459734,1055516,29569869,1113
14-01-2025,1455581,1051081,29518452,1110
13-01-2025,1451260,1046485,29464563,1101
12-01-2025,1449619,1046192,29446624,1101
11-01-2025,1447902,1045734,29431167,1095
10-01-2025,1444460,1041889,29388223,1091
09-01-2025,1440386,1037488,29336498,1087
08-01-2025,1436239,1032845,29282242,1074
07-01-2025,1431783,1027335,29220162,1062
06-01-2025,1430182,1027066,29203744,1056
05-01-2025,1429009,1026898,29192125,1049
04-01-2025,1427581,1026573,29177315,1044
03-01-2025,1424469,1024030,29138807,1035
02-01-2025,1421269,1021536,29099113,1021
01-01-2025,1420286,1021450,29089089,1015
31-12-2024,1419206,1020879,29077272,1012
30-12-2024,1417103,1018902,29050841,1010
29-12-2024,1416105,1018724,29040428,1007
28-12-2024,1414935,1018430,29028446,1007
27-12-2024,1413111,1016869,29004975,1006
26-12-2024,1412150,1016693,28995002,1006
25-12-2024,1411569,1016646,28989225,1006
24-12-2024,1410638,1016155,28978128,1005
23-12-2024,1408678,1013740,28953328,1001
22-12-2024,1407823,1013517,28943890,1000
21-12-2024,1406847,1013220,28933008,1000
20-12-2024,1404753,1010476,28906783,998
19-12-2024,1402336,1006954,28874522,990
18-12-2024,1399699,1003264,28841032,985
17-12-2024,1397032,999715,28805411,978
16-12-2024,1394150,995797,28767108,973
15-12-2024,1392998,995553,28755498,973
14-12-2024,1391859,995244,28742919,968
13-12-2024,1389622,992129,28712354,963
12-12-2024,1386724,988392,28675482,956
11-12-2024,1383936,984516,28636748,944
10-12-2024,1380982,980676,28597288,936
09-12-2024,1377909,976607,28557373,928
08-12-2024,1376720,976403,28545842,926
07-12-2024,1375522,976073,28533426,922
06-12-2024,1373037,972885,28502903,918
05-12-2024,1370021,968949,28465673,913
04-12-2024,1366803,965154,28426063,902
03-12-2024,1363830,961233,28386627,894
02-12-2024,1360756,957447,28346719,884
01-12-2024,1359614,957226,28335106,882
30-11-2024,1358394,956839,28322405,880
29-11-2024,1356145,953787,28291866,874
28-11-2024,1353236,949993,28255055,862
27-11-2024,1350588,946128,28217721,853
26-11-2024,1347661,942253,28178571,847
25-11-2024,1344819,938302,28138704,840
24-11-2024,1343724,938048,28127172,840
23-11-2024,1342587,937740,28114313,836
22-11-2024,1340243,934523,28081622,820
21-11-2024,1337557,930612,28043016,810
20-11-2024,1334648,926457,28001827,806
19-11-2024,1331535,921004,27957371,803
18-11-2024,1328483,917040,27915145,803
17-11-2024,1327392,916824,27902776,803
16-11-2024,1326156,916486,27888486,803
15-11-2024,1323623,913241,27855005,803
14-11-2024,1320437,909323,27816227,803
13-11-2024,1317289,905185,27774173,803
12-11-2024,1314083,901122,27731554,803
11-11-2024,1311051,897228,27688968,803
10-11-2024,1309907,896998,27676339,803
09-11-2024,1308807,896648,27662471,803
08-11-2024,1306614,893472,27628933,803
07-11-2024,1303845,889691,27589187,803
06-11-2024,1301001,885703,27548007,803
05-11-2024,1297934,881793,27505303,803
04-11-2024,1294788,877912,27462301,803
03-11-2024,1293779,877724,27450853,803
02-11-2024,1292840,877470,27439843,803
01-11-2024,1291803,877208,27428126,803
31-10-2024,1289536,874124,27397496,803
30-10-2024,1286768,870464,27358779,803
29-10-2024,1283933,866543,27316625,803
28-10-2024,1280909,862682,27273774,803
27-10-2024,1279793,862481,27261544,803
26-10-2024,1278594,862112,27247516,803
25-10-2024,1276105,859107,27213343,803
24-10-2024,1273015,855482,27172975,803
23-10-2024,1269894,851737,27130904,803
22-10-2024,1266897,847909,27088258,803
21-10-2024,1263724,844070,27044368,803
20-10-2024,1262551,843869,27031445,803
19-10-2024,1261204,843526,27016326,802
18-10-2024,1258791,840286,26981227,801
17-10-2024,1255793,836547,26938616,796
16-10-2024,1252946,833185,26899956,795
15-10-2024,1249869,829415,26854529,794
14-10-2024,1246284,825612,26806008,791
13-10-2024,1245036,825374,26793379,790
12-10-2024,1243876,825037,26778878,784
11-10-2024,1241119,821936,26742285,777
10-10-2024,1238039,818307,26700010,770
09-10-2024,1235047,814606,26656458,765
08-10-2024,1231966,810854,26610752,755
07-10-2024,1228671,806815,26564358,749
06-10-2024,1227528,806492,26551759,746
05-10-2024,1226299,806066,26536853,740
04-10-2024,1223632,803248,26500100,733
03-10-2024,1220711,799547,26456007,727
02-10-2024,1217711,796001,26410976,724
01-10-2024,1214433,792459,26364219,718
30-09-2024,1211466,788992,26317852,711
29-09-2024,1210348,788826,26304995,708
28-09-2024,1209005,788546,26289595,708
27-09-2024,1206392,785769,26253047,707
26-09-2024,1203355,782420,26209485,700
25-09-2024,1200091,778967,26161641,695
24-09-2024,1193338,771920,26065942,684
23-09-2024,1193338,771920,26065942,684
22-09-2024,1192234,771748,26052892,684
21-09-2024,1191009,771465,26037926,684
20-09-2024,1188459,768697,26000759,681
19-09-2024,1185499,765460,25958134,680
18-09-2024,1182478,761876,25913158,675
17-09-2024,1179338,756332,25863394,669
16-09-2024,1176177,752966,25817612,665
16-09-2024,1176177,752966,25817612,665
15-09-2024,1175038,752798,25805675,665
14-09-2024,1173840,752506,25791041,665
13-09-2024,1171328,749881,25754082,665
12-09-2024,1168352,746660,25710837,660
11-09-2024,1165254,743463,25666948,654
10-09-2024,1162119,740232,25622293,649
09-09-2024,1155880,736557,25543353,641
08-09-2024,1155880,736557,25543353,641
07-09-2024,1155880,736557,25543353,641
06-09-2024,1154477,734214,25517603,634
05-09-2024,1151699,731146,25477246,631
04-09-2024,1148925,728098,25435857,624
03-09-2024,1146179,724938,25392995,622
02-09-2024,1143530,722082,25351398,620
01-09-2024,1142616,721985,25340658,617
31-08-2024,1141661,721843,25329169,615
30-08-2024,1139868,720421,25304045,608
29-08-2024,1137709,718627,25273276,597
28-08-2024,1135503,716844,25242035,592
27-08-2024,1133192,715114,25210685,580
26-08-2024,1131012,713489,25179624,573
25-08-2024,1130273,713406,25171222,570
24-08-2024,1129440,713296,25162064,565
23-08-2024,1127961,712651,25142796,560
22-08-2024,1126283,711793,25120930,557
21-08-2024,1124343,710809,25096872,556
20-08-2024,1122052,709219,25068655,554
19-08-2024,1120202,708087,25044919,552
18-08-2024,1119444,707948,25037496,544
17-08-2024,1118772,707841,25030688,539
16-08-2024,1117828,707565,25020074,535
15-08-2024,1117248,707504,25014335,532
14-08-2024,1116159,707191,25001676,520
13-08-2024,1114774,706696,24985113,520
12-08-2024,1113197,705974,24964528,519
11-08-2024,1112615,705899,24958060,519
10-08-2024,1111904,705768,24949391,519
09-08-2024,1110477,704868,24929761,516
08-08-2024,1108658,703596,24905903,514
07-08-2024,1106704,702129,24879450,508
06-08-2024,1104607,700596,24851508,501
05-08-2024,1102478,698914,24823946,498
04-08-2024,1101730,698820,24815808,498
03-08-2024,1100846,698667,24805285,497
02-08-2024,1099087,696890,24779463,496
01-08-2024,1096937,694542,24748202,492
31-07-2024,1094678,691950,24714959,490
30-07-2024,1092308,689096,24679073,487
29-07-2024,1090012,686464,24643527,478
28-07-2024,1089276,686361,24634586,477
27-07-2024,1088432,686126,24623233,477
26-07-2024,1086482,683878,24593088,473
25-07-2024,1084172,680928,24557579,470
24-07-2024,1081772,677906,24520663,463
23-07-2024,1079127,674822,24481468,441
22-07-2024,1076530,671499,24442059,436
21-07-2024,1075751,671343,24432378,435
20-07-2024,1074640,671124,24420811,433
19-07-2024,1072568,667036,24388008,430
18-07-2024,1070083,663934,24352706,429
17-07-2024,1067599,660918,24314855,429
16-07-2024,1065026,657857,24276857,428
15-07-2024,1062569,654659,24241013,427
14-07-2024,1061833,654497,24231274,427
13-07-2024,1060988,654253,24219375,427
12-07-2024,1059093,651894,24188097,460
11-07-2024,1056742,648886,24150591,457
10-07-2024,1054518,645884,24112046,452
09-07-2024,1052101,642773,24072673,441
08-07-2024,1049531,639664,24032583,425
07-07-2024,1048617,639527,24021684,420
06-07-2024,1047725,639271,24009255,416
05-07-2024,1045616,636601,23976449,405
04-07-2024,1043167,633796,23938686,396
03-07-2024,1040336,630191,23896045,386
02-07-2024,1037752,627156,23856361,378
01-07-2024,1035168,624323,23816681,370
30-06-2024,1034196,624180,23804075,361
29-06-2024,1033407,623980,23793189,351
28-06-2024,1031570,621612,23763644,347
27-06-2024,1029305,618854,23729837,345
26-06-2024,1026931,615838,23692115,331
25-06-2024,1024474,612803,23653400,328
24-06-2024,1022133,610167,23616239,324
23-06-2024,1021304,609997,23605503,315
22-06-2024,1020457,609771,23593910,308
21-06-2024,1018536,607578,23564414,308
20-06-2024,1016271,604724,23529495,307
19-06-2024,1013866,601915,23492884,304
18-06-2024,1011334,598882,23454757,299
17-06-2024,1008822,595950,23416558,297
16-06-2024,1007972,595798,23406523,295
15-06-2024,1007030,595558,23394465,294
14-06-2024,1004795,593085,23364286,293
13-06-2024,999904,587393,23289173,286
12-06-2024,999904,587393,23289173,286
11-06-2024,997401,584386,23249455,277
10-06-2024,994942,581615,23210841,272
09-06-2024,992410,581203,23180018,271
08-06-2024,990299,578816,23146187,267
07-06-2024,987979,576047,23110062,266
06-06-2024,987979,576047,23110062,266
05-06-2024,985482,573059,23071270,262
04-06-2024,982991,570178,23030881,256
03-06-2024,980329,567125,22987621,253
02-06-2024,979227,566896,22974247,253
01-06-2024,978228,566681,22961023,253
31-05-2024,976131,564267,22928748,251
30-05-2024,973654,561409,22891149,251
29-05-2024,971188,558435,22851088,250
28-05-2024,968583,555404,22809722,245
27-05-2024,966005,552397,22768610,241
26-05-2024,965185,552263,22757696,239
25-05-2024,964127,551994,22744061,239
24-05-2024,962039,549712,22711988,238
23-05-2024,959616,546845,22674004,235
22-05-2024,957112,543923,22634319,234
21-05-2024,954626,540896,22593348,228
20-05-2024,952267,537987,22552708,224
19-05-2024,951807,537839,22541746,221
18-05-2024,950854,537584,22528784,220
17-05-2024,949030,535294,22497306,216
16-05-2024,946689,532598,22459781,213
15-05-2024,944222,529803,22420105,212
14-05-2024,941705,526927,22378912,211
13-05-2024,939144,523968,22337877,208
12-05-2024,938382,523806,22327587,203
11-05-2024,937486,523559,22315207,201
10-05-2024,935592,521274,22282914,198
09-05-2024,933215,518414,22243887,194
08-05-2024,930736,515477,22201572,189
07-05-2024,928001,512578,22157619,179
06-05-2024,925575,509665,22115438,177
05-05-2024,924597,509475,22103050,176
04-05-2024,923535,509193,22088549,174
03-05-2024,921309,506714,22053941,170
02-05-2024,918821,503712,22012441,167
01-05-2024,917405,503424,21994553,163
30-04-2024,915088,500517,21956072,159
29-04-2024,912520,497608,21913758,156
28-04-2024,911640,497453,21902102,143
27-04-2024,909016,495584,21861605,138
26-04-2024,909016,495584,21861605,138
25-04-2024,907962,495309,21847642,136
24-04-2024,905754,492344,21811683,134
23-04-2024,903260,489069,21770740,134
22-04-2024,900654,485907,21729731,132
21-04-2024,899762,485738,21718246,132
20-04-2024,898723,485450,21704811,130
19-04-2024,896760,483017,21672227,128
18-04-2024,894460,480253,21633926,127
17-04-2024,891991,477366,21593866,124
16-04-2024,889422,474564,21552701,123
15-04-2024,887026,471841,21513221,122
14-04-2024,886259,471676,21503143,121
13-04-2024,885321,471434,21490899,121
12-04-2024,883386,469162,21459160,120
11-04-2024,881096,466477,21421361,115
10-04-2024,547386,213852,12133159,115
09-04-2024,545829,212774,12109588,114
08-04-2024,544311,211584,12085477,113
07-04-2024,543709,211497,12078414,111
06-04-2024,543085,211362,12069858,110
05-04-2024,541746,210320,12048758,109
04-04-2024,540055,208791,12022065,106
03-04-2024,864914,445422,21158442,106
02-04-2024,862851,442938,21122425,106
01-04-2024,862036,442831,21112876,106
31-03-2024,861433,442774,21106298,105
30-03-2024,860666,442608,21096743,105
29-03-2024,859183,441012,21072669,104
28-03-2024,857042,438488,21038152,104
27-03-2024,854624,435456,20999272,104
26-03-2024,852200,432356,20958581,101
25-03-2024,849782,429128,20917764,100
24-03-2024,848959,428975,20906656,98
23-03-2024,847964,428717,20893755,97
22-03-2024,846045,426297,20861308,97
21-03-2024,843853,423136,20822875,97
20-03-2024,841609,419973,20782786,96
19-03-2024,839285,417113,20744096,96
18-03-2024,836927,414189,20702947,95
17-03-2024,836042,414020,20691508,93
16-03-2024,835109,413691,20678152,93
15-03-2024,833236,411081,20645725,93
14-03-2024,830947,406081,20602998,93
13-03-2024,828622,403202,20563126,92
12-03-2024,826280,399949,20520941,91
11-03-2024,823879,397106,20478690,85
10-03-2024,822853,396929,20464876,85
09-03-2024,821779,396680,20449913,85
08-03-2024,819985,394376,20416530,85
07-03-2024,817634,391491,20374250,84
06-03-2024,815292,388607,20332165,81
05-03-2024,812859,385763,20289219,79
04-03-2024,810332,382779,20245843,77
03-03-2024,809324,382622,20231851,75
02-03-2024,808283,382322,20216994,75
01-03-2024,806452,379884,20182891,74
29-02-2024,804107,377191,20143898,72
28-02-2024,801860,374445,20102960,69
27-02-2024,799267,371670,20060766,67
26-02-2024,796774,368731,20019145,67
25-02-2024,795785,368544,20006184,63
24-02-2024,794734,368263,19991986,63
23-02-2024,792838,365936,19959336,62
22-02-2024,790647,363270,19920332,60
21-02-2024,788340,360475,19879577,54
20-02-2024,785860,357614,19836893,50
19-02-2024,781576,354406,19767192,48
18-02-2024,781576,354406,19767192,48
17-02-2024,781576,354406,19767192,44
16-02-2024,777541,349517,19694047,44
15-02-2024,777541,349517,19694047,43
14-02-2024,775457,346732,19654892,39
13-02-2024,773079,343997,19611936,34
12-02-2024,770523,339449,19565306,27
11-02-2024,769539,339194,19552238,20
10-02-2024,768477,338940,19537364,20
09-02-2024,766507,336688,19504392,19
08-02-2024,764238,334035,19464607,13
07-02-2024,761835,331226,19422189,12
06-02-2024,759412,328653,19378191,12
05-02-2024,757106,325961,19335350,12
04-02-2024,756097,325810,19322163,12
03-02-2024,755077,325541,19307180,9
02-02-2024,753215,323293,19272392,9
01-02-2024,750638,320269,19228376,9
31-01-2024,748133,317507,19185120,8
30-01-2024,745716,314867,19141279,8
29-01-2024,743364,312263,19097289,8
28-01-2024,742401,312106,19084053,8
27-01-2024,741428,311845,19068625,8
26-01-2024,739378,309628,19032620,8
25-01-2024,737023,307054,18991647,7
24-01-2024,734742,304352,18948708,5
23-01-2024,732292,301744,18904804,5
22-01-2024,729877,299008,18860089,5
21-01-2024,728902,298797,18845173,5
20-01-2024,727814,298469,18827532,5
19-01-2024,725594,296004,18788103,5
18-01-2024,723139,293401,18742925,5
17-01-2024,720718,290751,18695885,5
16-01-2024,718303,288096,18649691,5
15-01-2024,715603,284426,18597187,5
14-01-2024,714635,284082,18582152,5
13-01-2024,713553,283834,18565909,5
12-01-2024,711262,281318,18523979,5
11-01-2024,708815,278819,18477079,3
10-01-2024,706423,276646,18432558,3
09-01-2024,704019,274295,18385671,3
08-01-2024,701687,272271,18340609,3
07-01-2024,700813,272167,18327546,3
06-01-2024,699960,272034,18315130,3
05-01-2024,698122,270876,18284940,3
04-01-2024,695938,269318,18247373,3
03-01-2024,693804,267819,18209294,3
02-01-2024,691746,266571,18175704,3
01-01-2024,691165,266532,18166521,3
31-12-2023,690744,266458,18159801,3
30-12-2023,690078,266227,18149187,3
29-12-2023,688765,265280,18126602,3
28-12-2023,687257,264151,18099717,3
27-12-2023,685869,263106,18073894,3
26-12-2023,685276,263016,18064709,3
25-12-2023,685004,262986,18060004,3
24-12-2023,684661,262931,18054912,3
23-12-2023,684147,262813,18046561,3
22-12-2023,683128,261661,18025791,3
21-12-2023,681811,259994,17999484,3
20-12-2023,680333,257709,17969273,3
19-12-2023,678831,255889,17938146,3
18-12-2023,677264,254092,17905610,3
17-12-2023,676618,253969,17895144,3
16-12-2023,675920,253735,17882682,3
15-12-2023,674527,252031,17854444,3
14-12-2023,668718,244533,17734643,0
13-12-2023,668718,244533,17734643,0
12-12-2023,668718,244533,17734643,0
11-12-2023,667676,243311,17712382,0
10-12-2023,667117,243251,17703335,0
09-12-2023,666534,243145,17694699,0
08-12-2023,665839,243060,17685215,0
07-12-2023,664539,242443,17663026,0
06-12-2023,662990,241583,17635487,0
05-12-2023,661395,240496,17604293,0
04-12-2023,659710,239690,17573650,0
03-12-2023,659045,239617,17563762,0
02-12-2023,658313,239507,17551925,0
01-12-2023,656834,238767,17527326,0
30-11-2023,655230,237895,17498727,0
29-11-2023,653532,236945,17468992,0
28-11-2023,651835,235852,17438060,0
27-11-2023,650199,234700,17407346,0
26-11-2023,649593,234623,17398139,0
25-11-2023,648911,234495,17387419,0
24-11-2023,647595,233471,17361755,0
23-11-2023,645912,232440,17331692,0
22-11-2023,644265,231903,17303086,0
21-11-2023,642475,231459,17274533,0
20-11-2023,640801,231037,17245444,0
19-11-2023,640102,231004,17235684,0
18-11-2023,639333,230936,17224186,0
17-11-2023,637843,230583,17201803,0
16-11-2023,636216,230191,17173434,0
15-11-2023,634578,229792,17143572,0
14-11-2023,632859,229358,17112672,0
13-11-2023,631231,228976,17083738,0
12-11-2023,630536,228932,17073648,0
11-11-2023,629785,228867,17062155,0
10-11-2023,628439,228576,17038308,0
09-11-2023,626826,228208,17010101,0
08-11-2023,625149,227847,16980567,0
07-11-2023,623390,227455,16950053,0
06-11-2023,621732,227084,16920254,0
05-11-2023,621085,227053,16909933,0
04-11-2023,620386,226991,16897747,0
03-11-2023,619047,226682,16873356,0
02-11-2023,617499,226336,16845482,0
01-11-2023,616634,226257,16831803,0
31-10-2023,615325,225906,16806897,0
30-10-2023,613779,225559,16778468,0
29-10-2023,613117,225516,16768255,0
28-10-2023,612434,225451,16756979,0
27-10-2023,611088,225139,16732827,0
26-10-2023,609449,224753,16704292,0
25-10-2023,607897,224351,16674864,0
24-10-2023,606193,223975,16644825,0
23-10-2023,604600,223564,16614930,0
22-10-2023,603966,223515,16605120,0
21-10-2023,603228,223466,16592967,0
20-10-2023,601826,223138,16568053,0
19-10-2023,600338,222746,16541243,0
18-10-2023,598953,222326,16508728,0
17-10-2023,597302,221896,16476827,0
16-10-2023,595589,221374,16443700,0
15-10-2023,594938,221331,16433438,0
14-10-2023,594260,221274,16421121,0
13-10-2023,592899,220915,16394565,0
12-10-2023,591386,220452,16362376,0
11-10-2023,589733,219990,16329905,0
10-10-2023,588004,219575,16296500,0
09-10-2023,586341,219141,16264537,0
08-10-2023,585717,219095,16254407,0
07-10-2023,584989,219027,16242020,0
06-10-2023,583602,218709,16214765,0
05-10-2023,581939,218320,16183273,0
04-10-2023,580319,217870,16150462,0
03-10-2023,578585,217432,16116312,0
02-10-2023,576838,217028,16083189,0
01-10-2023,576078,216982,16071916,0
30-09-2023,575325,216907,16059167,0
29-09-2023,573896,216583,16032176,0
28-09-2023,572415,216220,16000815,0
27-09-2023,570740,215852,15968364,0
26-09-2023,568992,215480,15934373,0
25-09-2023,567397,215038,15901010,0
24-09-2023,566780,215003,15890546,0
23-09-2023,566017,214929,15877185,0
22-09-2023,564595,214651,15848718,0
21-09-2023,562893,214289,15816399,0
20-09-2023,561263,213936,15782845,0
19-09-2023,559631,213545,15748620,0
18-09-2023,558005,213142,15715644,0
17-09-2023,557427,213108,15704930,0
16-09-2023,556723,213058,15691611,0
15-09-2023,555327,212734,15663449,0
14-09-2023,553679,212292,15629671,0
13-09-2023,552451,212018,15603338,0
12-09-2023,550771,211694,15569817,0
11-09-2023,549150,211371,15536401,0
10-09-2023,548569,211348,15526256,0
09-09-2023,547961,211290,15514346,0
08-09-2023,546687,211013,15487965,0
07-09-2023,545156,210691,15457932,0
06-09-2023,543653,210348,15426443,0
05-09-2023,542132,210048,15393908,0
04-09-2023,540608,209747,15362925,0
03-09-2023,540032,209725,15353641,0
02-09-2023,539398,209680,15342662,0
01-09-2023,538262,209476,15319440,0
31-08-2023,536979,209228,15293565,0
30-08-2023,535549,208962,15266927,0
29-08-2023,534153,208699,15240220,0
28-08-2023,532894,208493,15214389,0
27-08-2023,532420,208469,15206724,0
26-08-2023,531958,208439,15198769,0
25-08-2023,531123,208320,15182440,0
24-08-2023,530242,208151,15163938,0
23-08-2023,529222,207987,15144653,0
22-08-2023,528129,207854,15124487,0
21-08-2023,527103,207692,15104714,0
20-08-2023,526735,207674,15098360,0
19-08-2023,526335,207635,15091047,0
18-08-2023,525643,207550,15078176,0
17-08-2023,524821,207448,15063690,0
16-08-2023,524185,207361,15050536,0
15-08-2023,523897,207343,15044998,0
14-08-2023,523372,207294,15035459,0
13-08-2023,523130,207280,15030143,0
12-08-2023,522769,207232,15022891,0
11-08-2023,521999,207090,15008061,0
10-08-2023,521075,206888,14990202,0
09-08-2023,520141,206725,14970618,0
08-08-2023,519128,206537,14949484,0
07-08-2023,518211,206338,14928340,0
06-08-2023,517761,206301,14921207,0
05-08-2023,517261,206238,14911887,0
04-08-2023,516407,206032,14892010,0
03-08-2023,515241,205759,14868032,0
02-08-2023,514082,205482,14843397,0
01-08-2023,512923,205216,14818554,0
31-07-2023,511775,204924,14793161,0
30-07-2023,511302,204893,14785277,0
29-07-2023,510797,204845,14775392,0
28-07-2023,509921,204586,14754232,0
27-07-2023,508839,204306,14730060,0
26-07-2023,507685,203973,14705296,0
25-07-2023,506539,203641,14680442,0
24-07-2023,505396,203347,14654689,0
23-07-2023,504979,203310,14646757,0
22-07-2023,504476,203247,14636705,0
21-07-2023,503511,202984,14615461,0
20-07-2023,502432,202677,14590611,0
19-07-2023,501305,202387,14564247,0
18-07-2023,500142,202058,14537427,0
17-07-2023,499061,201693,14510609,0
16-07-2023,498598,201655,14502573,0
15-07-2023,498040,201592,14492357,0
14-07-2023,497103,201326,14470024,0
13-07-2023,495939,200984,14443944,0
12-07-2023,494696,200633,14417261,0
11-07-2023,493567,200286,14389937,0
10-07-2023,492396,199926,14363054,0
09-07-2023,491974,199887,14355573,0
08-07-2023,491431,199841,14344366,0
07-07-2023,490404,199559,14321989,0
06-07-2023,489192,199207,14295090,0
05-07-2023,487973,198848,14267012,0
04-07-2023,486704,198480,14237813,0
03-07-2023,485482,198133,14209600,0
02-07-2023,485042,198108,14201538,0
01-07-2023,484461,198039,14189293,0
30-06-2023,483398,197724,14166884,0
29-06-2023,482258,197390,14141947,0
28-06-2023,481060,197053,14116080,0
27-06-2023,479866,196710,14088669,0
26-06-2023,478724,196343,14061164,0
25-06-2023,478287,196304,14053117,0
24-06-2023,477789,196235,14043032,0
23-06-2023,476912,195959,14021417,0
22-06-2023,475805,195617,13995930,0
21-06-2023,474604,195274,13968620,0
20-06-2023,473321,194935,13939412,0
19-06-2023,472058,194560,13910986,0
18-06-2023,471685,194521,13903271,0
17-06-2023,471184,194452,13891695,0
16-06-2023,470315,194238,13871700,0
15-06-2023,468998,193820,13840731,0
14-06-2023,467694,193453,13808090,0
13-06-2023,466282,193032,13775512,0
12-06-2023,465068,192639,13745638,0
11-06-2023,464601,192597,13736788,0
10-06-2023,464083,192510,13725643,0
09-06-2023,463138,192164,13702676,0
08-06-2023,461934,191798,13675801,0
07-06-2023,460753,191424,13646497,0
06-06-2023,459493,191056,13615494,0
05-06-2023,458271,190711,13585927,0
04-06-2023,457826,190682,13576860,0
03-06-2023,457432,190626,13568141,0
02-06-2023,457006,190564,13558726,0
01-06-2023,456054,190289,13535642,0
31-05-2023,454945,189904,13508596,0
30-05-2023,453722,189572,13480193,0
29-05-2023,452621,189224,13452550,0
28-05-2023,452157,189178,13443385,0
27-05-2023,451743,189091,13432875,0
26-05-2023,450776,188827,13410584,0
25-05-2023,450316,188529,13384305,0
24-05-2023,449839,188178,13357085,0
23-05-2023,448810,187806,13329466,0
22-05-2023,447715,187490,13303146,0
21-05-2023,447185,187441,13293214,0
20-05-2023,446585,187374,13280498,0
19-05-2023,445628,187106,13257643,0
18-05-2023,444597,186755,13230964,0
17-05-2023,441259,185783,13145046,0
16-05-2023,441259,185783,13145046,0
15-05-2023,441259,185783,13145046,0
14-05-2023,440706,185733,13134715,0
13-05-2023,440151,185659,13122852,0
12-05-2023,439238,185412,13098395,0
11-05-2023,438237,185039,13071211,0
10-05-2023,437188,184664,13042188,0
09-05-2023,436181,184301,13011591,0
08-05-2023,435224,183963,12984312,0
07-05-2023,434807,183907,12975285,0
06-05-2023,434338,183828,12964373,0
05-05-2023,433496,183529,12941466,0
04-05-2023,432433,183156,12913339,0
03-05-2023,431391,182783,12884081,0
02-05-2023,430276,182395,12853519,0
01-05-2023,429706,182341,12841801,0
30-04-2023,429359,182310,12834215,0
29-04-2023,428925,182241,12823317,0
28-04-2023,428046,181952,12800304,0
27-04-2023,426993,181565,12773232,0
26-04-2023,426038,181174,12745922,0
25-04-2023,425585,181117,12735066,0
24-04-2023,424833,180938,12715420,0
23-04-2023,424516,180896,12707460,0
22-04-2023,424117,180818,12697304,0
21-04-2023,423290,180515,12675204,0
20-04-2023,422290,180140,12648717,0
19-04-2023,421204,179752,12620740,0
18-04-2023,420133,179324,12593025,0
17-04-2023,419065,178940,12564777,0
16-04-2023,418602,178888,12554951,0
15-04-2023,418135,178806,12543341,0
14-04-2023,417230,178516,12518985,0
13-04-2023,416170,178071,12490031,0
12-04-2023,415091,177716,12461841,0
11-04-2023,414113,177369,12435062,0
10-04-2023,413773,177314,12427092,0
09-04-2023,413530,177290,12421382,0
08-04-2023,413205,177234,12413249,0
07-04-2023,412517,177037,12395935,0
06-04-2023,411587,176703,12372410,0
05-04-2023,410583,176334,12345971,0
04-04-2023,409471,175938,12319067,0
03-04-2023,408383,175570,12291729,0
02-04-2023,407894,175511,12282473,0
01-04-2023,407371,175444,12271679,0
31-03-2023,406481,175149,12248977,0
30-03-2023,405583,174800,12222595,0
29-03-2023,404605,174440,12195539,0
28-03-2023,403583,174066,12167758,0
27-03-2023,402557,173655,12139674,0
26-03-2023,402163,173597,12130531,0
25-03-2023,401739,173535,12118956,0
24-03-2023,400919,173212,12096108,0
23-03-2023,399947,172873,12069881,0
22-03-2023,398878,172510,12043162,0
21-03-2023,397810,172134,12014556,0
20-03-2023,396762,171804,11985491,0
19-03-2023,396333,171767,11975322,0
18-03-2023,395857,171695,11963755,0
17-03-2023,394953,171423,11939504,0
16-03-2023,393922,171088,11912689,0
15-03-2023,392868,170753,11884529,0
14-03-2023,379283,167026,11504775,0
13-03-2023,362447,163683,11096294,0
12-03-2023,362036,163646,11086529,0
11-03-2023,361636,163582,11075479,0
10-03-2023,360780,163299,11052961,0
09-03-2023,359831,162970,11027153,0
08-03-2023,358909,162633,11001303,0
07-03-2023,357855,162313,10973434,0
06-03-2023,356869,161984,10944777,0
05-03-2023,356473,161942,10934760,0
04-03-2023,356021,161874,10923308,0
03-03-2023,355129,161599,10900075,0
02-03-2023,354148,161249,10872278,0
01-03-2023,353188,160858,10843840,0
28-02-2023,352262,160526,10814512,0
27-02-2023,351299,160156,10785163,0
26-02-2023,350847,160088,10773054,0
25-02-2023,350394,160010,10760941,0
24-02-2023,349621,159706,10736504,0
23-02-2023,348648,159342,10707793,0
22-02-2023,347675,159010,10678126,0
21-02-2023,346728,158640,10649137,0
20-02-2023,345652,158288,10619987,0
19-02-2023,345250,158228,10609563,0
18-02-2023,344786,158147,10597723,0
17-02-2023,343890,157861,10573547,0
16-02-2023,342773,157507,10545205,0
15-02-2023,341797,157189,10517394,0
14-02-2023,340825,156870,10490008,0
13-02-2023,339788,156537,10460338,0
12-02-2023,339367,156471,10449537,0
11-02-2023,338910,156408,10437982,0
10-02-2023,338242,156177,10419392,0
09-02-2023,337255,155820,10391580,0
08-02-2023,336209,155500,10362656,0
07-02-2023,335156,155163,10332116,0
06-02-2023,334075,154791,10300546,0
05-02-2023,333634,154747,10289201,0
04-02-2023,333171,154652,10276670,0
03-02-2023,332306,154347,10251860,0
02-02-2023,331267,154012,10222289,0
01-02-2023,330241,153654,10190985,0
31-01-2023,329110,153266,10159568,0
30-01-2023,327875,152870,10128677,0
29-01-2023,327386,152816,10116960,0
28-01-2023,326898,152731,10103968,0
27-01-2023,326079,152390,10078329,0
26-01-2023,325056,152018,10047957,0
25-01-2023,323981,151626,10016623,0
24-01-2023,322884,151256,9984979,0
23-01-2023,321811,150873,9952315,0
22-01-2023,321373,150826,9940101,0
21-01-2023,320938,150760,9926871,0
20-01-2023,320056,150424,9900183,0
19-01-2023,318966,150066,9869492,0
18-01-2023,317867,149642,9836349,0
17-01-2023,316682,149218,9799956,0
16-01-2023,315469,148846,9763019,0
15-01-2023,315155,148776,9754933,0
14-01-2023,314695,148651,9741015,0
13-01-2023,313720,148334,9711981,0
12-01-2023,311418,147465,9636975,0
11-01-2023,311418,147465,9636975,0
10-01-2023,310127,147057,9599964,0
09-01-2023,308853,146581,9558959,0
08-01-2023,308437,146538,9547509,0
07-01-2023,308042,146476,9536923,0
06-01-2023,307591,146415,9523150,0
05-01-2023,306801,146198,9498685,0
04-01-2023,305844,145878,9469630,0
03-01-2023,304853,145596,9438837,0
02-01-2023,304012,145315,9410819,0
01-01-2023,303785,145284,9403625,0
31-12-2022,303546,145230,9396225,0
30-12-2022,303050,145050,9378944,0
29-12-2022,302354,144761,9356052,0
28-12-2022,301647,144537,9336476,0
27-12-2022,300994,144369,9317627,0
26-12-2022,300724,144345,9310725,0
25-12-2022,300569,144324,9307104,0
24-12-2022,300425,144297,9302194,0
23-12-2022,300008,144165,9289610,0
22-12-2022,299406,143950,9272939,0
21-12-2022,298696,143720,9254643,0
20-12-2022,297945,143433,9235013,0
19-12-2022,297238,143187,9214177,0
18-12-2022,296945,143160,9206217,0
17-12-2022,296615,143106,9195727,0
16-12-2022,295953,142897,9177078,0
15-12-2022,295187,142626,9156106,0