MESE,ANNO,ACCESSI_UNICI,ACCESSI_TOTALI
10,2026,20069,31538
9,2026,87102,338721
8,2026,46407,119148
7,2026,85210,320543
6,2026,83579,298178
5,2026,84284,302944
4,2026,84878,306031
3,2026,88725,354806
2,2026,85395,309551
1,2026,81727,285628
12,2025,73884,234014
11,2025,81870,287441
10,2025,85715,324230
9,2025,81226,300437
8,2025,41958,103841
7,2025,80437,292991
6,2025,77307,264088
5,2025,79457,278998
4,2025,76497,254677
3,2025,81323,289391
2,2025,78432,294085
1,2025,76348,261463
12,2024,66567,192551
11,2024,74057,243758
10,2024,76986,277935
9,2024,70559,238909
8,2024,36334,88759
7,2024,69250,239901
6,2024,66740,212204
5,2024,69407,238613
4,2024,64355,215717
3,2024,64354,225596
2,2024,62659,213688
1,2024,56984,196310
12,2023,29158,61232