DATA_ELABORAZIONE,STATO_ESTERO,CODICE_ISO,RETTIFICHE,CAMBI_RESIDENZA,AUTOCERTIFICAZIONI,VISURE,CERTIFICATI,TOTALE
08-10-2026,AFGHANISTAN,AFG,0,3,7,34,11,55
08-10-2026,ALBANIA,ALB,35,10,518,5476,1701,7740
08-10-2026,ALGERIA,DZA,5,3,45,564,160,777
08-10-2026,ANDORRA,AND,0,0,19,243,39,301
08-10-2026,ANGOLA,AGO,0,0,20,146,55,221
08-10-2026,ANGUILLA,AIA,0,0,2,9,1,12
08-10-2026,ANTIGUA E BARBUDA,ATG,2,0,7,114,17,140
08-10-2026,ARABIA SAUDITA,SAU,27,19,269,2664,624,3603
08-10-2026,ARGENTINA,ARG,146,76,2006,23143,2100,27471
08-10-2026,ARMENIA,ARM,0,0,23,146,33,202
08-10-2026,ARUBA,ABW,0,0,6,9,1,16
08-10-2026,AUSTRALIA,AUS,137,131,1074,12454,2305,16101
08-10-2026,AUSTRIA,AUT,120,109,1529,15804,2912,20474
08-10-2026,AZERBAIGIAN,AZE,2,0,12,153,41,208
08-10-2026,BAHAMAS,BHS,1,1,14,125,34,175
08-10-2026,BAHREIN,BHR,3,5,77,411,147,643
08-10-2026,BANGLADESH,BGD,5,2,39,414,112,572
08-10-2026,BARBADOS,BRB,0,0,0,13,11,24
08-10-2026,BELGIO,BEL,325,154,3829,36161,6318,46787
08-10-2026,BELIZE,BLZ,0,0,5,30,14,49
08-10-2026,BENIN,BEN,0,0,12,72,12,96
08-10-2026,BERMUDA,BMU,0,0,1,16,1,18
08-10-2026,BHUTAN,BTN,0,0,3,10,7,20
08-10-2026,BIELORUSSIA,BLR,1,0,7,129,24,161
08-10-2026,BOLIVIA,BOL,6,5,50,628,71,760
08-10-2026,BONAIRE SINT EUSTATIUS SABA,BES,0,0,0,0,3,3
08-10-2026,BOSNIA-ERZEGOVINA,BIH,2,0,16,178,37,233
08-10-2026,BOTSWANA,BWA,0,0,0,13,8,21
08-10-2026,BRASILE,BRA,402,183,4528,57501,6133,68747
08-10-2026,BRUNEI,BRN,1,1,12,26,9,49
08-10-2026,BULGARIA,BGR,17,32,345,2834,738,3966
08-10-2026,BURKINA FASO,BFA,1,0,6,27,8,42
08-10-2026,BURUNDI,BDI,0,0,0,10,4,14
08-10-2026,CAMBOGIA,KHM,3,1,30,209,27,270
08-10-2026,CAMERUN,CMR,2,1,35,206,85,329
08-10-2026,CANADA,CAN,92,54,763,10617,1628,13154
08-10-2026,CAPO VERDE,CPV,1,1,17,277,69,365
08-10-2026,CIAD,TCD,0,0,5,14,12,31
08-10-2026,CILE,CHL,28,17,205,2456,433,3139
08-10-2026,CIPRO,CYP,27,5,219,1805,473,2529
08-10-2026,COLOMBIA,COL,38,24,186,2422,451,3121
08-10-2026,CONGO,COG,0,0,14,103,28,145
08-10-2026,COSTA D'AVORIO,CIV,2,5,38,184,68,297
08-10-2026,COSTA RICA,CRI,7,5,89,1099,159,1359
08-10-2026,CROAZIA,HRV,13,10,194,1807,521,2545
08-10-2026,CUBA,CUB,8,8,78,625,213,932
08-10-2026,CURACAO,CUW,0,0,0,7,10,17
08-10-2026,DANIMARCA,DNK,81,75,637,7873,962,9628
08-10-2026,ECUADOR,ECU,4,8,102,969,223,1306
08-10-2026,EGITTO,EGY,31,10,291,3806,675,4813
08-10-2026,EL SALVADOR,SLV,3,0,9,243,20,275
08-10-2026,EMIRATI ARABI UNITI,ARE,122,87,1483,13357,3353,18402
08-10-2026,ERITREA,ERI,0,0,7,24,12,43
08-10-2026,ESTONIA,EST,10,6,84,805,258,1163
08-10-2026,ESWATINI,SWZ,0,0,0,2,0,2
08-10-2026,ETIOPIA,ETH,0,3,44,384,65,496
08-10-2026,FEDERAZIONE RUSSA,RUS,18,17,244,2092,736,3107
08-10-2026,FIGI,FJI,0,0,6,25,15,46
08-10-2026,FILIPPINE,PHL,18,7,144,1493,311,1973
08-10-2026,FINLANDIA,FIN,28,24,213,2474,303,3042
08-10-2026,FRANCIA,FRA,1014,487,11308,110234,25824,148867
08-10-2026,GABON,GAB,0,2,7,36,5,50
08-10-2026,GAMBIA,GMB,0,0,2,10,0,12
08-10-2026,GEORGIA,GEO,2,0,47,233,37,319
08-10-2026,GEORGIA DEL SUD E SANDWICH AUSTRALI,SGS,0,0,0,0,3,3
08-10-2026,GERMANIA,DEU,1144,780,9832,105699,18129,135584
08-10-2026,GERUSALEMME,ZZZ,2,0,13,150,41,206
08-10-2026,GHANA,GHA,1,3,25,240,49,318
08-10-2026,GIAMAICA,JAM,0,0,18,54,25,97
08-10-2026,GIAPPONE,JPN,60,20,450,4036,620,5186
08-10-2026,GIBILTERRA,GIB,2,1,13,78,27,121
08-10-2026,GIBUTI,DJI,0,0,0,29,5,34
08-10-2026,GIORDANIA,JOR,6,7,73,1047,151,1284
08-10-2026,GRECIA,GRC,58,33,611,5498,1441,7641
08-10-2026,GRENADA,GRD,0,0,3,9,4,16
08-10-2026,GUADALUPA,GLP,0,0,0,20,13,33
08-10-2026,GUATEMALA,GTM,2,2,30,281,25,340
08-10-2026,GUERNSEY,GGY,0,0,0,2,0,2
08-10-2026,GUINEA,GIN,0,0,28,108,10,146
08-10-2026,GUINEA BISSAU,GNB,3,0,19,57,21,100
08-10-2026,GUINEA EQUATORIALE,GNQ,0,0,0,4,6,10
08-10-2026,GUYANA,GUY,0,0,0,0,1,1
08-10-2026,GUYANA FRANCESE,GUF,0,0,4,55,10,69
08-10-2026,HAITI,HTI,0,0,9,37,9,55
08-10-2026,HONDURAS,HND,0,0,5,71,20,96
08-10-2026,INDIA,IND,9,5,94,730,167,1005
08-10-2026,INDONESIA,IDN,10,4,100,914,235,1263
08-10-2026,IRAN,IRN,0,0,10,123,27,160
08-10-2026,IRAQ,IRQ,4,1,11,77,41,134
08-10-2026,IRLANDA,IRL,220,158,1583,20547,3095,25603
08-10-2026,ISLANDA,ISL,0,8,54,530,76,668
08-10-2026,ISOLA DI MAN,IMN,0,0,0,5,4,9
08-10-2026,ISOLE CAYMAN,CYM,0,0,5,46,18,69
08-10-2026,ISOLE FAER OER,FRO,0,0,0,9,0,9
08-10-2026,ISOLE FALKLAND,FLK,0,1,0,10,0,11
08-10-2026,ISOLE SALOMONE,SLB,0,1,0,1,0,2
08-10-2026,ISOLE TURKS E CAICOS,TCA,0,0,3,38,7,48
08-10-2026,ISOLE VERGINI BRITANNICHE,VGB,0,0,2,5,2,9
08-10-2026,ISOLE WALLIS E FUTUNA,WLF,0,0,0,6,1,7
08-10-2026,ISRAELE,ISR,18,11,182,1494,354,2059
08-10-2026,JERSEY,JEY,0,0,4,17,2,23
08-10-2026,KAZAKHSTAN,KAZ,4,1,57,419,124,605
08-10-2026,KENYA,KEN,7,7,106,744,203,1067
08-10-2026,KIRGHIZISTAN,KGZ,0,0,3,33,18,54
08-10-2026,KOSOVO,RKS,2,0,8,111,16,137
08-10-2026,KUWAIT,KWT,0,10,115,789,229,1143
08-10-2026,LAOS,LAO,0,0,10,37,8,55
08-10-2026,LESOTHO,LSO,0,0,3,48,18,69
08-10-2026,LETTONIA,LVA,5,14,69,736,105,929
08-10-2026,LIBANO,LBN,2,7,79,711,102,901
08-10-2026,LIBERIA,LBR,0,0,0,0,1,1
08-10-2026,LIBIA,LBY,1,1,15,80,7,104
08-10-2026,LIECHTENSTEIN,LIE,2,0,6,80,14,102
08-10-2026,LITUANIA,LTU,3,5,52,455,71,586
08-10-2026,LUSSEMBURGO,LUX,121,79,1455,14596,3206,19457
08-10-2026,MACEDONIA DEL NORD,MKD,4,0,38,390,83,515
08-10-2026,MADAGASCAR,MDG,1,2,33,254,101,391
08-10-2026,MALAWI,MWI,1,1,1,49,19,71
08-10-2026,MALAYSIA,MYS,9,5,86,894,243,1237
08-10-2026,MALDIVE,MDV,1,2,19,144,35,201
08-10-2026,MALI,MLI,2,0,10,40,25,77
08-10-2026,MALTA,MLT,104,88,736,7959,1577,10464
08-10-2026,MAROCCO,MAR,27,11,313,3291,697,4339
08-10-2026,MARTINICA,MTQ,0,0,0,4,3,7
08-10-2026,MAURITANIA,MRT,0,0,2,12,1,15
08-10-2026,MAURITIUS,MUS,5,8,27,222,85,347
08-10-2026,MAYOTTE,MYT,0,0,0,6,0,6
08-10-2026,MESSICO,MEX,35,18,336,2905,792,4086
08-10-2026,MOLDOVA,MDA,4,3,30,452,95,584
08-10-2026,MONACO,MCO,18,11,249,3370,1644,5292
08-10-2026,MONGOLIA,MNG,1,0,0,14,4,19
08-10-2026,MONTENEGRO,MNE,1,1,6,203,98,309
08-10-2026,MOZAMBICO,MOZ,4,1,39,327,107,478
08-10-2026,MYANMAR,MMR,2,0,14,89,17,122
08-10-2026,NAMIBIA,NAM,0,0,8,15,8,31
08-10-2026,NEPAL,NPL,2,0,12,87,13,114
08-10-2026,NICARAGUA,NIC,0,0,21,180,43,244
08-10-2026,NIGER,NER,0,1,4,33,11,49
08-10-2026,NIGERIA,NGA,5,4,66,462,113,650
08-10-2026,NORVEGIA,NOR,40,23,407,3952,588,5010
08-10-2026,NUOVA CALEDONIA,NCL,0,0,2,33,6,41
08-10-2026,NUOVA ZELANDA,NZL,10,8,78,978,185,1259
08-10-2026,OMAN,OMN,1,0,20,202,49,272
08-10-2026,PAESI BASSI,NLD,289,251,2823,32587,4356,40306
08-10-2026,PAKISTAN,PAK,2,0,24,271,43,340
08-10-2026,PALAU,PLW,0,0,0,1,1,2
08-10-2026,PANAMA,PAN,8,10,145,1518,323,2004
08-10-2026,PAPUA NUOVA GUINEA,PNG,0,0,4,7,1,12
08-10-2026,PARAGUAY,PRY,3,6,44,520,76,649
08-10-2026,PERU',PER,32,20,178,2251,335,2816
08-10-2026,POLINESIA FRANCESE,PYF,0,0,0,14,9,23
08-10-2026,POLONIA,POL,66,60,837,8171,1153,10287
08-10-2026,PORTOGALLO,PRT,197,87,2170,20051,4427,26932
08-10-2026,QATAR,QAT,26,28,307,2289,729,3379
08-10-2026,REGNO UNITO,GBR,1695,1278,12950,134214,25206,175343
08-10-2026,REPUBBLICA CECA,CZE,83,50,704,6536,1250,8623
08-10-2026,REPUBBLICA CENTRAFRICANA,CAF,0,0,4,27,11,42
08-10-2026,REPUBBLICA DEMOCRATICA DEL CONGO,COD,4,1,22,173,45,245
08-10-2026,REPUBBLICA DI COREA,KOR,10,6,144,1133,261,1554
08-10-2026,REPUBBLICA DOMINICANA,DOM,32,15,250,2561,469,3327
08-10-2026,REPUBBLICA POPOLARE CINESE,CHN,83,41,888,6672,1654,9338
08-10-2026,REPUBBLICA POPOLARE DEMOCRATICA DI COREA,PRK,0,0,0,3,0,3
08-10-2026,RIUNIONE,REU,0,0,3,35,11,49
08-10-2026,ROMANIA,ROU,47,45,628,6607,1562,8889
08-10-2026,RUANDA,RWA,0,3,7,58,18,86
08-10-2026,SAINT BARTHELEMY,BLM,0,0,0,18,2,20
08-10-2026,SAINT KITTS E NEVIS,KNA,0,0,0,3,4,7
08-10-2026,SAINT LUCIA,LCA,0,0,0,5,1,6
08-10-2026,SAINT MARTIN,MAF,0,0,2,9,4,15
08-10-2026,SAINT VINCENT E GRENADINE,VCT,0,0,1,14,3,18
08-10-2026,SAMOA,WSM,0,0,0,0,1,1
08-10-2026,SAN MARINO,SMR,23,6,423,3835,1035,5322
08-10-2026,SENEGAL,SEN,6,5,79,740,192,1022
08-10-2026,SERBIA,SRB,4,7,77,889,165,1142
08-10-2026,SEYCHELLES,SYC,2,1,17,173,25,218
08-10-2026,SIERRA LEONE,SLE,0,0,2,11,9,22
08-10-2026,SINGAPORE,SGP,39,19,364,3532,798,4752
08-10-2026,SINT MAARTEN,SXM,0,0,1,31,1,33
08-10-2026,SIRIA,SYR,1,1,5,110,39,156
08-10-2026,SLOVACCHIA,SVK,25,9,412,4011,843,5300
08-10-2026,SLOVENIA,SVN,11,7,335,2525,608,3486
08-10-2026,SOMALIA,SOM,0,1,8,55,3,67
08-10-2026,SPAGNA,ESP,1075,432,14673,123134,22156,161470
08-10-2026,SRI LANKA,LKA,8,1,24,197,50,280
08-10-2026,STATI UNITI D'AMERICA,USA,716,282,5325,71115,12589,90027
08-10-2026,STATO CITTA' DEL VATICANO,VAT,0,0,0,1,5,6
08-10-2026,SUD AFRICA,ZAF,4,10,85,918,263,1280
08-10-2026,SUD SUDAN,SSD,1,0,4,31,3,39
08-10-2026,SUDAN,SDN,0,1,0,6,5,12
08-10-2026,SVEZIA,SWE,66,39,666,7361,1075,9207
08-10-2026,SVIZZERA,CHE,953,371,8933,91022,28477,129756
08-10-2026,TAGIKISTAN,TJK,0,0,6,14,2,22
08-10-2026,TAIWAN,TWN,4,2,32,847,692,1577
08-10-2026,TANZANIA,TZA,3,1,32,302,77,415
08-10-2026,TERRITORI DELL'AUTONOMIA PALESTINESE,PSE,0,1,13,142,27,183
08-10-2026,THAILANDIA,THA,45,16,647,5062,1124,6894
08-10-2026,TIMOR ORIENTALE,TLS,1,0,0,11,1,13
08-10-2026,TOGO,TGO,0,0,1,19,6,26
08-10-2026,TONGA,TON,0,0,0,4,0,4
08-10-2026,TRINIDAD E TOBAGO,TTO,0,0,0,24,2,26
08-10-2026,TUNISIA,TUN,118,30,1600,15770,5074,22592
08-10-2026,TURCHIA,TUR,26,24,294,2773,384,3501
08-10-2026,TURKMENISTAN,TKM,0,0,0,1,0,1
08-10-2026,UCRAINA,UKR,7,7,91,700,309,1114
08-10-2026,UGANDA,UGA,0,1,8,80,23,112
08-10-2026,UNGHERIA,HUN,25,16,270,2498,513,3322
08-10-2026,URUGUAY,URY,13,8,145,1694,186,2046
08-10-2026,UZBEKISTAN,UZB,1,3,29,116,36,185
08-10-2026,VANUATU,VUT,1,0,0,12,2,15
08-10-2026,VENEZUELA,VEN,21,22,409,5157,420,6029
08-10-2026,VIETNAM,VNM,2,5,90,1007,267,1371
08-10-2026,YEMEN,YEM,0,0,2,4,5,11
08-10-2026,ZAMBIA,ZMB,0,2,6,93,20,121
08-10-2026,ZIMBABWE,ZWE,0,1,0,33,4,38