MESE,ANNO,TIPO_SOGGETTO,TIPOLOGIA_CERTIFICATO,BOLLO,ESENTI_DA_BOLLO,TOTALE
11,2021,AIRE,CITTADINANZA,293,191,484
11,2021,AIRE,CONTESTUALE,913,814,1727
11,2021,AIRE,ESISTENZA IN VITA,3,0,3
11,2021,AIRE,MATRIMONIO,222,270,492
11,2021,AIRE,NASCITA,448,380,828
11,2021,AIRE,RESIDENZA,645,694,1339
11,2021,AIRE,STATO CIVILE,11,4,15
11,2021,AIRE,STATO FAMIGLIA,360,410,770
11,2021,AIRE,STATO FAMIGLIA CON RAPPORTI PARENTELA,2,0,2
11,2021,AIRE,STATO FAMIGLIA E STATO CIVILE,6,2,8
11,2021,AIRE,STATO LIBERO,5,1,6
11,2021,AIRE,UNIONE CIVILE ,0,4,4
11,2021,Residenti,CITTADINANZA,4969,3810,8779
11,2021,Residenti,CONTESTUALE,52366,54347,106713
11,2021,Residenti,CONTRATTO CONVIVENZA,24,11,35
11,2021,Residenti,ESISTENZA IN VITA,4463,4941,9404
11,2021,Residenti,MATRIMONIO,14119,21308,35427
11,2021,Residenti,NASCITA,21984,29849,51833
11,2021,Residenti,RESIDENZA,40076,51737,91813
11,2021,Residenti,RESIDENZA IN CONVIVENZA,47,63,110
11,2021,Residenti,STATO CIVILE,11074,11859,22933
11,2021,Residenti,STATO FAMIGLIA,35629,48885,84514
11,2021,Residenti,STATO FAMIGLIA CON RAPPORTI PARENTELA,12202,15362,27564
11,2021,Residenti,STATO FAMIGLIA E STATO CIVILE,11160,13999,25159
11,2021,Residenti,STATO LIBERO,5467,3736,9203
11,2021,Residenti,UNIONE CIVILE ,178,158,336
12,2021,AIRE,CITTADINANZA,155,104,259
12,2021,AIRE,CONTESTUALE,451,306,757
12,2021,AIRE,ESISTENZA IN VITA,4,0,4
12,2021,AIRE,MATRIMONIO,177,140,317
12,2021,AIRE,NASCITA,308,242,550
12,2021,AIRE,RESIDENZA,426,401,827
12,2021,AIRE,STATO CIVILE,6,2,8
12,2021,AIRE,STATO FAMIGLIA,230,216,446
12,2021,AIRE,STATO FAMIGLIA CON RAPPORTI PARENTELA,0,2,2
12,2021,AIRE,STATO FAMIGLIA E STATO CIVILE,4,2,6
12,2021,AIRE,STATO LIBERO,2,0,2
12,2021,AIRE,UNIONE CIVILE ,2,3,5
12,2021,Residenti,CITTADINANZA,3231,1403,4634
12,2021,Residenti,CONTESTUALE,35886,30928,66814
12,2021,Residenti,CONTRATTO CONVIVENZA,7,6,13
12,2021,Residenti,ESISTENZA IN VITA,2617,2026,4643
12,2021,Residenti,MATRIMONIO,8810,9432,18242
12,2021,Residenti,NASCITA,12049,11063,23112
12,2021,Residenti,RESIDENZA,31712,35708,67420
12,2021,Residenti,RESIDENZA IN CONVIVENZA,37,30,67
12,2021,Residenti,STATO CIVILE,8770,7213,15983
12,2021,Residenti,STATO FAMIGLIA,29086,33609,62695
12,2021,Residenti,STATO FAMIGLIA CON RAPPORTI PARENTELA,7599,7146,14745
12,2021,Residenti,STATO FAMIGLIA E STATO CIVILE,7132,6233,13365
12,2021,Residenti,STATO LIBERO,5044,3008,8052
12,2021,Residenti,UNIONE CIVILE ,37,39,76
1,2022,AIRE,CITTADINANZA,150,88,238
1,2022,AIRE,CONTESTUALE,375,316,691
1,2022,AIRE,ESISTENZA IN VITA,0,1,1
1,2022,AIRE,MATRIMONIO,114,132,246
1,2022,AIRE,NASCITA,319,279,598
1,2022,AIRE,RESIDENZA,318,336,654
1,2022,AIRE,STATO CIVILE,6,6,12
1,2022,AIRE,STATO FAMIGLIA,189,214,403
1,2022,AIRE,STATO FAMIGLIA CON RAPPORTI PARENTELA,3,2,5
1,2022,AIRE,STATO FAMIGLIA E STATO CIVILE,1,1,2
1,2022,AIRE,STATO LIBERO,5,2,7
1,2022,AIRE,UNIONE CIVILE ,1,2,3
1,2022,Residenti,CITTADINANZA,1749,1568,3317
1,2022,Residenti,CONTESTUALE,39613,39462,79075
1,2022,Residenti,CONTRATTO CONVIVENZA,19,9,28
1,2022,Residenti,ESISTENZA IN VITA,1682,2247,3929
1,2022,Residenti,MATRIMONIO,8092,10958,19050
1,2022,Residenti,NASCITA,11238,12619,23857
1,2022,Residenti,RESIDENZA,36084,47657,83741
1,2022,Residenti,RESIDENZA IN CONVIVENZA,46,41,87
1,2022,Residenti,STATO CIVILE,8084,8849,16933
1,2022,Residenti,STATO FAMIGLIA,47672,61291,108963
1,2022,Residenti,STATO FAMIGLIA CON RAPPORTI PARENTELA,8207,10514,18721
1,2022,Residenti,STATO FAMIGLIA E STATO CIVILE,7436,8973,16409
1,2022,Residenti,STATO LIBERO,5083,3634,8717
1,2022,Residenti,UNIONE CIVILE ,35,40,75
2,2022,AIRE,CITTADINANZA,102,76,178
2,2022,AIRE,CONTESTUALE,330,330,660
2,2022,AIRE,ESISTENZA IN VITA,1,1,2
2,2022,AIRE,MATRIMONIO,105,135,240
2,2022,AIRE,NASCITA,302,249,551
2,2022,AIRE,RESIDENZA,319,339,658
2,2022,AIRE,STATO CIVILE,1,7,8
2,2022,AIRE,STATO FAMIGLIA,187,189,376
2,2022,AIRE,STATO FAMIGLIA CON RAPPORTI PARENTELA,0,5,5
2,2022,AIRE,STATO FAMIGLIA E STATO CIVILE,2,3,5
2,2022,AIRE,STATO LIBERO,0,1,1
2,2022,AIRE,UNIONE CIVILE ,4,2,6
2,2022,Residenti,CITTADINANZA,1772,1445,3217
2,2022,Residenti,CONTESTUALE,41713,40176,81889
2,2022,Residenti,CONTRATTO CONVIVENZA,11,9,20
2,2022,Residenti,ESISTENZA IN VITA,1326,1684,3010
2,2022,Residenti,MATRIMONIO,8491,11232,19723
2,2022,Residenti,NASCITA,10204,11629,21833
2,2022,Residenti,RESIDENZA,32827,42321,75148
2,2022,Residenti,RESIDENZA IN CONVIVENZA,45,41,86
2,2022,Residenti,STATO CIVILE,8726,9665,18391
2,2022,Residenti,STATO FAMIGLIA,37469,48957,86426
2,2022,Residenti,STATO FAMIGLIA CON RAPPORTI PARENTELA,6521,8475,14996
2,2022,Residenti,STATO FAMIGLIA E STATO CIVILE,6641,7890,14531
2,2022,Residenti,STATO LIBERO,5880,4489,10369
2,2022,Residenti,UNIONE CIVILE ,42,39,81
3,2022,AIRE,CITTADINANZA,98,84,182
3,2022,AIRE,CONTESTUALE,347,329,676
3,2022,AIRE,ESISTENZA IN VITA,0,1,1
3,2022,AIRE,MATRIMONIO,99,127,226
3,2022,AIRE,NASCITA,292,289,581
3,2022,AIRE,RESIDENZA,267,336,603
3,2022,AIRE,STATO CIVILE,7,13,20
3,2022,AIRE,STATO FAMIGLIA,186,205,391
3,2022,AIRE,STATO FAMIGLIA CON RAPPORTI PARENTELA,6,0,6
3,2022,AIRE,STATO FAMIGLIA E STATO CIVILE,5,5,10
3,2022,AIRE,STATO LIBERO,4,4,8
3,2022,AIRE,UNIONE CIVILE ,7,1,8
3,2022,Residenti,CITTADINANZA,2092,1408,3500
3,2022,Residenti,CONTESTUALE,46148,42878,89026
3,2022,Residenti,CONTRATTO CONVIVENZA,7,9,16
3,2022,Residenti,ESISTENZA IN VITA,1397,1511,2908
3,2022,Residenti,MATRIMONIO,9400,12225,21625
3,2022,Residenti,NASCITA,11123,12294,23417
3,2022,Residenti,RESIDENZA,37431,46514,83945
3,2022,Residenti,RESIDENZA IN CONVIVENZA,57,44,101
3,2022,Residenti,STATO CIVILE,9850,10101,19951
3,2022,Residenti,STATO FAMIGLIA,36256,46093,82349
3,2022,Residenti,STATO FAMIGLIA CON RAPPORTI PARENTELA,6494,8226,14720
3,2022,Residenti,STATO FAMIGLIA E STATO CIVILE,6734,7668,14402
3,2022,Residenti,STATO LIBERO,6607,5063,11670
3,2022,Residenti,UNIONE CIVILE ,40,48,88
4,2022,AIRE,CITTADINANZA,97,87,184
4,2022,AIRE,CONTESTUALE,346,283,629
4,2022,AIRE,ESISTENZA IN VITA,1,1,2
4,2022,AIRE,MATRIMONIO,71,120,191
4,2022,AIRE,NASCITA,273,228,501
4,2022,AIRE,RESIDENZA,341,448,789
4,2022,AIRE,STATO CIVILE,4,4,8
4,2022,AIRE,STATO FAMIGLIA,160,204,364
4,2022,AIRE,STATO FAMIGLIA CON RAPPORTI PARENTELA,0,6,6
4,2022,AIRE,STATO FAMIGLIA E STATO CIVILE,3,2,5
4,2022,AIRE,STATO LIBERO,1,4,5
4,2022,AIRE,UNIONE CIVILE ,0,2,2
4,2022,Residenti,CITTADINANZA,1639,1205,2844
4,2022,Residenti,CONTESTUALE,36770,34758,71528
4,2022,Residenti,CONTRATTO CONVIVENZA,9,4,13
4,2022,Residenti,ESISTENZA IN VITA,1054,1286,2340
4,2022,Residenti,MATRIMONIO,7545,9515,17060
4,2022,Residenti,NASCITA,9168,9981,19149
4,2022,Residenti,RESIDENZA,32081,39944,72025
4,2022,Residenti,RESIDENZA IN CONVIVENZA,47,45,92
4,2022,Residenti,STATO CIVILE,7786,8353,16139
4,2022,Residenti,STATO FAMIGLIA,27813,34689,62502
4,2022,Residenti,STATO FAMIGLIA CON RAPPORTI PARENTELA,5308,6376,11684
4,2022,Residenti,STATO FAMIGLIA E STATO CIVILE,5330,5978,11308
4,2022,Residenti,STATO LIBERO,5498,4271,9769
4,2022,Residenti,UNIONE CIVILE ,51,36,87
5,2022,AIRE,CITTADINANZA,112,86,198
5,2022,AIRE,CONTESTUALE,395,320,715
5,2022,AIRE,MATRIMONIO,116,138,254
5,2022,AIRE,NASCITA,335,244,579
5,2022,AIRE,RESIDENZA,358,417,775
5,2022,AIRE,STATO CIVILE,8,8,16
5,2022,AIRE,STATO FAMIGLIA,188,190,378
5,2022,AIRE,STATO FAMIGLIA CON RAPPORTI PARENTELA,1,5,6
5,2022,AIRE,STATO FAMIGLIA E STATO CIVILE,3,2,5
5,2022,AIRE,STATO LIBERO,4,3,7
5,2022,AIRE,UNIONE CIVILE ,0,1,1
5,2022,Residenti,CITTADINANZA,1764,1367,3131
5,2022,Residenti,CONTESTUALE,40313,38794,79107
5,2022,Residenti,CONTRATTO CONVIVENZA,19,8,27
5,2022,Residenti,ESISTENZA IN VITA,1171,1377,2548
5,2022,Residenti,MATRIMONIO,8372,11039,19411
5,2022,Residenti,NASCITA,9860,11386,21246
5,2022,Residenti,RESIDENZA,38628,46719,85347
5,2022,Residenti,RESIDENZA IN CONVIVENZA,43,52,95
5,2022,Residenti,STATO CIVILE,9329,9933,19262
5,2022,Residenti,STATO FAMIGLIA,33311,41476,74787
5,2022,Residenti,STATO FAMIGLIA CON RAPPORTI PARENTELA,5999,7394,13393
5,2022,Residenti,STATO FAMIGLIA E STATO CIVILE,6026,6940,12966
5,2022,Residenti,STATO LIBERO,6300,4992,11292
5,2022,Residenti,UNIONE CIVILE ,38,33,71
6,2022,AIRE,CITTADINANZA,123,82,205
6,2022,AIRE,CONTESTUALE,321,257,578
6,2022,AIRE,MATRIMONIO,86,101,187
6,2022,AIRE,NASCITA,285,226,511
6,2022,AIRE,RESIDENZA,291,381,672
6,2022,AIRE,STATO CIVILE,6,6,12
6,2022,AIRE,STATO FAMIGLIA,176,209,385
6,2022,AIRE,STATO FAMIGLIA CON RAPPORTI PARENTELA,2,5,7
6,2022,AIRE,STATO FAMIGLIA E STATO CIVILE,2,1,3
6,2022,AIRE,STATO LIBERO,4,2,6
6,2022,AIRE,UNIONE CIVILE ,1,0,1
6,2022,Residenti,CITTADINANZA,1799,1390,3189
6,2022,Residenti,CONTESTUALE,37011,37050,74061
6,2022,Residenti,CONTRATTO CONVIVENZA,17,6,23
6,2022,Residenti,ESISTENZA IN VITA,1081,1377,2458
6,2022,Residenti,MATRIMONIO,8439,10568,19007
6,2022,Residenti,NASCITA,9166,10060,19226
6,2022,Residenti,RESIDENZA,35273,43657,78930
6,2022,Residenti,RESIDENZA IN CONVIVENZA,39,44,83
6,2022,Residenti,STATO CIVILE,8924,9560,18484
6,2022,Residenti,STATO FAMIGLIA,30477,38098,68575
6,2022,Residenti,STATO FAMIGLIA CON RAPPORTI PARENTELA,5613,6730,12343
6,2022,Residenti,STATO FAMIGLIA E STATO CIVILE,5341,6400,11741
6,2022,Residenti,STATO LIBERO,5703,4751,10454
6,2022,Residenti,UNIONE CIVILE ,41,40,81
7,2022,AIRE,CITTADINANZA,94,77,171
7,2022,AIRE,CONTESTUALE,300,263,563
7,2022,AIRE,ESISTENZA IN VITA,2,0,2
7,2022,AIRE,MATRIMONIO,109,122,231
7,2022,AIRE,NASCITA,264,223,487
7,2022,AIRE,RESIDENZA,320,367,687
7,2022,AIRE,STATO CIVILE,6,7,13
7,2022,AIRE,STATO FAMIGLIA,182,189,371
7,2022,AIRE,STATO FAMIGLIA CON RAPPORTI PARENTELA,1,1,2
7,2022,AIRE,STATO FAMIGLIA E STATO CIVILE,1,2,3
7,2022,AIRE,STATO LIBERO,1,0,1
7,2022,AIRE,UNIONE CIVILE ,2,0,2
7,2022,Residenti,CITTADINANZA,1550,1187,2737
7,2022,Residenti,CONTESTUALE,32029,44455,76484
7,2022,Residenti,CONTRATTO CONVIVENZA,15,16,31
7,2022,Residenti,ESISTENZA IN VITA,1043,1300,2343
7,2022,Residenti,MATRIMONIO,8067,9859,17926
7,2022,Residenti,NASCITA,8598,9666,18264
7,2022,Residenti,RESIDENZA,32616,40612,73228
7,2022,Residenti,RESIDENZA IN CONVIVENZA,40,29,69
7,2022,Residenti,STATO CIVILE,7917,8472,16389
7,2022,Residenti,STATO FAMIGLIA,27265,37002,64267
7,2022,Residenti,STATO FAMIGLIA CON RAPPORTI PARENTELA,5207,6565,11772
7,2022,Residenti,STATO FAMIGLIA E STATO CIVILE,4969,5557,10526
7,2022,Residenti,STATO LIBERO,4878,4123,9001
7,2022,Residenti,UNIONE CIVILE ,52,50,102
8,2022,AIRE,CITTADINANZA,104,69,173
8,2022,AIRE,CONTESTUALE,334,271,605
8,2022,AIRE,ESISTENZA IN VITA,2,0,2
8,2022,AIRE,MATRIMONIO,87,87,174
8,2022,AIRE,NASCITA,339,271,610
8,2022,AIRE,RESIDENZA,315,364,679
8,2022,AIRE,STATO CIVILE,5,1,6
8,2022,AIRE,STATO FAMIGLIA,175,179,354
8,2022,AIRE,STATO FAMIGLIA CON RAPPORTI PARENTELA,7,4,11
8,2022,AIRE,STATO FAMIGLIA E STATO CIVILE,1,1,2
8,2022,AIRE,STATO LIBERO,2,0,2
8,2022,AIRE,UNIONE CIVILE ,0,3,3
8,2022,Residenti,CITTADINANZA,1382,1024,2406
8,2022,Residenti,CONTESTUALE,24113,35103,59216
8,2022,Residenti,CONTRATTO CONVIVENZA,13,11,24
8,2022,Residenti,ESISTENZA IN VITA,800,964,1764
8,2022,Residenti,ISCRIZIONE NELLE LISTE ELETTORALI,0,1,1
8,2022,Residenti,MATRIMONIO,5390,6000,11390
8,2022,Residenti,NASCITA,7910,8478,16388
8,2022,Residenti,RESIDENZA,27623,33936,61559
8,2022,Residenti,RESIDENZA IN CONVIVENZA,25,40,65
8,2022,Residenti,STATO CIVILE,4639,5121,9760
8,2022,Residenti,STATO FAMIGLIA,21761,29638,51399
8,2022,Residenti,STATO FAMIGLIA CON RAPPORTI PARENTELA,4245,5404,9649
8,2022,Residenti,STATO FAMIGLIA E STATO CIVILE,3430,4099,7529
8,2022,Residenti,STATO LIBERO,2330,1886,4216
8,2022,Residenti,UNIONE CIVILE ,32,35,67
9,2022,AIRE,CITTADINANZA,127,62,189
9,2022,AIRE,CONTESTUALE,330,290,620
9,2022,AIRE,ESISTENZA IN VITA,3,4,7
9,2022,AIRE,MATRIMONIO,120,125,245
9,2022,AIRE,NASCITA,302,276,578
9,2022,AIRE,RESIDENZA,297,403,700
9,2022,AIRE,STATO CIVILE,11,5,16
9,2022,AIRE,STATO FAMIGLIA,187,197,384
9,2022,AIRE,STATO FAMIGLIA CON RAPPORTI PARENTELA,7,3,10
9,2022,AIRE,STATO FAMIGLIA E STATO CIVILE,3,0,3
9,2022,AIRE,STATO LIBERO,5,4,9
9,2022,Residenti,CITTADINANZA,2251,1877,4128
9,2022,Residenti,CONTESTUALE,42871,85917,128788
9,2022,Residenti,CONTRATTO CONVIVENZA,11,21,32
9,2022,Residenti,ESISTENZA IN VITA,1358,1399,2757
9,2022,Residenti,MATRIMONIO,9567,12017,21584
9,2022,Residenti,NASCITA,11007,14314,25321
9,2022,Residenti,RESIDENZA,40656,53492,94148
9,2022,Residenti,RESIDENZA IN CONVIVENZA,53,59,112
9,2022,Residenti,STATO CIVILE,9360,10154,19514
9,2022,Residenti,STATO FAMIGLIA,35196,55535,90731
9,2022,Residenti,STATO FAMIGLIA CON RAPPORTI PARENTELA,6481,8545,15026
9,2022,Residenti,STATO FAMIGLIA E STATO CIVILE,5689,6987,12676
9,2022,Residenti,STATO LIBERO,5631,4881,10512
9,2022,Residenti,UNIONE CIVILE ,46,62,108
10,2022,AIRE,CITTADINANZA,126,73,199
10,2022,AIRE,CONTESTUALE,346,317,663
10,2022,AIRE,ESISTENZA IN VITA,1,0,1
10,2022,AIRE,MATRIMONIO,112,114,226
10,2022,AIRE,NASCITA,341,269,610
10,2022,AIRE,RESIDENZA,352,388,740
10,2022,AIRE,STATO CIVILE,13,6,19
10,2022,AIRE,STATO FAMIGLIA,197,208,405
10,2022,AIRE,STATO FAMIGLIA CON RAPPORTI PARENTELA,7,5,12
10,2022,AIRE,STATO FAMIGLIA E STATO CIVILE,5,3,8
10,2022,AIRE,STATO LIBERO,6,5,11
10,2022,Residenti,CITTADINANZA,2084,1751,3835
10,2022,Residenti,CONTESTUALE,42145,68164,110309
10,2022,Residenti,CONTRATTO CONVIVENZA,14,17,31
10,2022,Residenti,ESISTENZA IN VITA,1290,1429,2719
10,2022,Residenti,GODIMENTO DEI DIRITTI POLITICI,0,1,1
10,2022,Residenti,ISCRIZIONE NELLE LISTE ELETTORALI,0,1,1
10,2022,Residenti,MATRIMONIO,9494,11657,21151
10,2022,Residenti,NASCITA,10294,12913,23207
10,2022,Residenti,RESIDENZA,40407,52508,92915
10,2022,Residenti,RESIDENZA IN CONVIVENZA,50,50,100
10,2022,Residenti,STATO CIVILE,9055,9913,18968
10,2022,Residenti,STATO FAMIGLIA,35820,50458,86278
10,2022,Residenti,STATO FAMIGLIA CON RAPPORTI PARENTELA,6611,8444,15055
10,2022,Residenti,STATO FAMIGLIA E STATO CIVILE,6137,7375,13512
10,2022,Residenti,STATO LIBERO,5081,4548,9629
10,2022,Residenti,UNIONE CIVILE ,54,48,102
11,2022,AIRE,CITTADINANZA,145,66,211
11,2022,AIRE,CONTESTUALE,381,336,717
11,2022,AIRE,ESISTENZA IN VITA,2,1,3
11,2022,AIRE,MATRIMONIO,118,123,241
11,2022,AIRE,NASCITA,354,270,624
11,2022,AIRE,RESIDENZA,354,346,700
11,2022,AIRE,STATO CIVILE,9,3,12
11,2022,AIRE,STATO FAMIGLIA,204,197,401
11,2022,AIRE,STATO FAMIGLIA CON RAPPORTI PARENTELA,3,2,5
11,2022,AIRE,STATO FAMIGLIA E STATO CIVILE,4,6,10
11,2022,AIRE,STATO LIBERO,1,2,3
11,2022,AIRE,UNIONE CIVILE ,0,1,1
11,2022,Residenti,CITTADINANZA,2261,1694,3955
11,2022,Residenti,CONTESTUALE,40183,50212,90395
11,2022,Residenti,CONTRATTO CONVIVENZA,17,8,25
11,2022,Residenti,ESISTENZA IN VITA,1411,1599,3010
11,2022,Residenti,GODIMENTO DEI DIRITTI POLITICI,0,3,3
11,2022,Residenti,ISCRIZIONE NELLE LISTE ELETTORALI,0,1,1
11,2022,Residenti,MATRIMONIO,8834,11601,20435
11,2022,Residenti,NASCITA,10370,11902,22272
11,2022,Residenti,RESIDENZA,39681,48785,88466
11,2022,Residenti,RESIDENZA IN CONVIVENZA,50,48,98
11,2022,Residenti,STATO CIVILE,9671,10241,19912
11,2022,Residenti,STATO FAMIGLIA,33650,45405,79055
11,2022,Residenti,STATO FAMIGLIA CON RAPPORTI PARENTELA,6884,8586,15470
11,2022,Residenti,STATO FAMIGLIA E STATO CIVILE,5980,6983,12963
11,2022,Residenti,STATO LIBERO,5504,4995,10499
11,2022,Residenti,UNIONE CIVILE ,62,37,99
12,2022,AIRE,CITTADINANZA,173,59,232
12,2022,AIRE,CONTESTUALE,437,311,748
12,2022,AIRE,ESISTENZA IN VITA,1,1,2
12,2022,AIRE,MATRIMONIO,111,113,224
12,2022,AIRE,NASCITA,330,245,575
12,2022,AIRE,RESIDENZA,449,368,817
12,2022,AIRE,STATO CIVILE,8,6,14
12,2022,AIRE,STATO FAMIGLIA,241,187,428
12,2022,AIRE,STATO FAMIGLIA CON RAPPORTI PARENTELA,4,3,7
12,2022,AIRE,STATO FAMIGLIA E STATO CIVILE,2,2,4
12,2022,AIRE,STATO LIBERO,2,1,3
12,2022,AIRE,UNIONE CIVILE ,1,0,1
12,2022,Residenti,CITTADINANZA,2673,1381,4054
12,2022,Residenti,CONTESTUALE,34676,34632,69308
12,2022,Residenti,CONTRATTO CONVIVENZA,18,9,27
12,2022,Residenti,ESISTENZA IN VITA,1955,1538,3493
12,2022,Residenti,MATRIMONIO,7293,8391,15684
12,2022,Residenti,NASCITA,9742,9090,18832
12,2022,Residenti,RESIDENZA,35151,40096,75247
12,2022,Residenti,RESIDENZA IN CONVIVENZA,44,52,96
12,2022,Residenti,STATO CIVILE,8357,7922,16279
12,2022,Residenti,STATO FAMIGLIA,29694,35148,64842
12,2022,Residenti,STATO FAMIGLIA CON RAPPORTI PARENTELA,6641,6782,13423
12,2022,Residenti,STATO FAMIGLIA E STATO CIVILE,5837,5355,11192
12,2022,Residenti,STATO LIBERO,4853,3384,8237
12,2022,Residenti,UNIONE CIVILE ,42,35,77
1,2023,AIRE,CITTADINANZA,13,187,200
1,2023,AIRE,CONTESTUALE,38,827,865
1,2023,AIRE,ESISTENZA IN VITA,0,4,4
1,2023,AIRE,MATRIMONIO,14,221,235
1,2023,AIRE,NASCITA,29,576,605
1,2023,AIRE,RESIDENZA,35,899,934
1,2023,AIRE,STATO CIVILE,2,21,23
1,2023,AIRE,STATO FAMIGLIA,23,417,440
1,2023,AIRE,STATO FAMIGLIA CON RAPPORTI PARENTELA,0,11,11
1,2023,AIRE,STATO FAMIGLIA E STATO CIVILE,0,6,6
1,2023,AIRE,STATO LIBERO,1,10,11
1,2023,AIRE,UNIONE CIVILE ,0,2,2
1,2023,Residenti,CITTADINANZA,136,3172,3308
1,2023,Residenti,CONTESTUALE,2292,90148,92440
1,2023,Residenti,CONTRATTO CONVIVENZA,0,26,26
1,2023,Residenti,ESISTENZA IN VITA,105,2999,3104
1,2023,Residenti,MATRIMONIO,408,17717,18125
1,2023,Residenti,NASCITA,711,22007,22718
1,2023,Residenti,RESIDENZA,2470,93880,96350
1,2023,Residenti,RESIDENZA IN CONVIVENZA,4,116,120
1,2023,Residenti,STATO CIVILE,439,17629,18068
1,2023,Residenti,STATO FAMIGLIA,3225,117510,120735
1,2023,Residenti,STATO FAMIGLIA CON RAPPORTI PARENTELA,464,18728,19192
1,2023,Residenti,STATO FAMIGLIA E STATO CIVILE,454,15328,15782
1,2023,Residenti,STATO LIBERO,212,7726,7938
1,2023,Residenti,UNIONE CIVILE ,2,76,78
2,2023,AIRE,CITTADINANZA,0,183,183
2,2023,AIRE,CONTESTUALE,0,735,735
2,2023,AIRE,ESISTENZA IN VITA,0,2,2
2,2023,AIRE,MATRIMONIO,0,232,232
2,2023,AIRE,NASCITA,0,597,597
2,2023,AIRE,RESIDENZA,0,758,758
2,2023,AIRE,STATO CIVILE,0,21,21
2,2023,AIRE,STATO FAMIGLIA,0,410,410
2,2023,AIRE,STATO FAMIGLIA CON RAPPORTI PARENTELA,0,11,11
2,2023,AIRE,STATO FAMIGLIA E STATO CIVILE,0,11,11
2,2023,AIRE,STATO LIBERO,0,11,11
2,2023,AIRE,UNIONE CIVILE ,0,6,6
2,2023,Residenti,CITTADINANZA,0,2966,2966
2,2023,Residenti,CONTESTUALE,0,86307,86307
2,2023,Residenti,CONTRATTO CONVIVENZA,0,18,18
2,2023,Residenti,ESISTENZA IN VITA,0,2289,2289
2,2023,Residenti,MATRIMONIO,0,18145,18145
2,2023,Residenti,NASCITA,0,19865,19865
2,2023,Residenti,RESIDENZA,0,87992,87992
2,2023,Residenti,RESIDENZA IN CONVIVENZA,0,106,106
2,2023,Residenti,STATO CIVILE,0,17825,17825
2,2023,Residenti,STATO FAMIGLIA,0,88485,88485
2,2023,Residenti,STATO FAMIGLIA CON RAPPORTI PARENTELA,0,14607,14607
2,2023,Residenti,STATO FAMIGLIA E STATO CIVILE,0,13003,13003
2,2023,Residenti,STATO LIBERO,0,8342,8342
2,2023,Residenti,UNIONE CIVILE ,0,79,79
3,2023,AIRE,CITTADINANZA,0,185,185
3,2023,AIRE,CONTESTUALE,0,766,766
3,2023,AIRE,ESISTENZA IN VITA,0,6,6
3,2023,AIRE,MATRIMONIO,0,286,286
3,2023,AIRE,NASCITA,0,564,564
3,2023,AIRE,RESIDENZA,0,899,899
3,2023,AIRE,STATO CIVILE,0,23,23
3,2023,AIRE,STATO FAMIGLIA,0,393,393
3,2023,AIRE,STATO FAMIGLIA CON RAPPORTI PARENTELA,0,15,15
3,2023,AIRE,STATO FAMIGLIA E STATO CIVILE,0,8,8
3,2023,AIRE,STATO LIBERO,0,9,9
3,2023,AIRE,UNIONE CIVILE ,0,2,2
3,2023,Residenti,CITTADINANZA,0,2960,2960
3,2023,Residenti,CONTESTUALE,0,85799,85799
3,2023,Residenti,CONTRATTO CONVIVENZA,0,23,23
3,2023,Residenti,ESISTENZA IN VITA,0,2349,2349
3,2023,Residenti,MATRIMONIO,0,17011,17011
3,2023,Residenti,NASCITA,0,19911,19911
3,2023,Residenti,RESIDENZA,0,88628,88628
3,2023,Residenti,RESIDENZA IN CONVIVENZA,0,101,101
3,2023,Residenti,STATO CIVILE,0,17297,17297
3,2023,Residenti,STATO FAMIGLIA,0,78041,78041
3,2023,Residenti,STATO FAMIGLIA CON RAPPORTI PARENTELA,0,13189,13189
3,2023,Residenti,STATO FAMIGLIA E STATO CIVILE,0,11779,11779
3,2023,Residenti,STATO LIBERO,0,7665,7665
3,2023,Residenti,UNIONE CIVILE ,0,81,81
4,2023,AIRE,CITTADINANZA,0,158,158
4,2023,AIRE,CONTESTUALE,0,623,623
4,2023,AIRE,ESISTENZA IN VITA,0,4,4
4,2023,AIRE,MATRIMONIO,0,206,206
4,2023,AIRE,NASCITA,0,445,445
4,2023,AIRE,RESIDENZA,0,702,702
4,2023,AIRE,STATO CIVILE,0,15,15
4,2023,AIRE,STATO FAMIGLIA,0,328,328
4,2023,AIRE,STATO FAMIGLIA CON RAPPORTI PARENTELA,0,5,5
4,2023,AIRE,STATO FAMIGLIA E STATO CIVILE,0,5,5
4,2023,AIRE,STATO LIBERO,0,7,7
4,2023,AIRE,UNIONE CIVILE ,0,3,3
4,2023,Residenti,CITTADINANZA,0,2345,2345
4,2023,Residenti,CONTESTUALE,0,63655,63655
4,2023,Residenti,CONTRATTO CONVIVENZA,0,13,13
4,2023,Residenti,ESISTENZA IN VITA,0,1630,1630
4,2023,Residenti,MATRIMONIO,0,11878,11878
4,2023,Residenti,NASCITA,0,14551,14551
4,2023,Residenti,RESIDENZA,0,69129,69129
4,2023,Residenti,RESIDENZA IN CONVIVENZA,0,88,88
4,2023,Residenti,STATO CIVILE,0,12493,12493
4,2023,Residenti,STATO FAMIGLIA,0,54576,54576
4,2023,Residenti,STATO FAMIGLIA CON RAPPORTI PARENTELA,0,9432,9432
4,2023,Residenti,STATO FAMIGLIA E STATO CIVILE,0,8598,8598
4,2023,Residenti,STATO LIBERO,0,5508,5508
4,2023,Residenti,UNIONE CIVILE ,0,63,63
5,2023,AIRE,CITTADINANZA,0,139,139
5,2023,AIRE,CONTESTUALE,0,619,619
5,2023,AIRE,ESISTENZA IN VITA,0,4,4
5,2023,AIRE,MATRIMONIO,0,240,240
5,2023,AIRE,NASCITA,0,450,450
5,2023,AIRE,RESIDENZA,0,792,792
5,2023,AIRE,STATO CIVILE,0,17,17
5,2023,AIRE,STATO FAMIGLIA,0,381,381
5,2023,AIRE,STATO FAMIGLIA CON RAPPORTI PARENTELA,0,8,8
5,2023,AIRE,STATO FAMIGLIA E STATO CIVILE,0,11,11
5,2023,AIRE,STATO LIBERO,0,8,8
5,2023,AIRE,UNIONE CIVILE ,0,4,4
5,2023,Residenti,CITTADINANZA,0,2759,2759
5,2023,Residenti,CONTESTUALE,0,78376,78376
5,2023,Residenti,CONTRATTO CONVIVENZA,0,14,14
5,2023,Residenti,ESISTENZA IN VITA,0,1961,1961
5,2023,Residenti,MATRIMONIO,0,16016,16016
5,2023,Residenti,NASCITA,0,17408,17408
5,2023,Residenti,RESIDENZA,0,84782,84782
5,2023,Residenti,RESIDENZA IN CONVIVENZA,0,118,118
5,2023,Residenti,STATO CIVILE,0,15956,15956
5,2023,Residenti,STATO FAMIGLIA,0,66066,66066
5,2023,Residenti,STATO FAMIGLIA CON RAPPORTI PARENTELA,0,11103,11103
5,2023,Residenti,STATO FAMIGLIA E STATO CIVILE,0,10384,10384
5,2023,Residenti,STATO LIBERO,0,6482,6482
5,2023,Residenti,UNIONE CIVILE ,0,95,95
6,2023,AIRE,CITTADINANZA,0,121,121
6,2023,AIRE,CONTESTUALE,0,592,592
6,2023,AIRE,ESISTENZA IN VITA,0,3,3
6,2023,AIRE,MATRIMONIO,0,182,182
6,2023,AIRE,NASCITA,0,467,467
6,2023,AIRE,RESIDENZA,0,759,759
6,2023,AIRE,STATO CIVILE,0,14,14
6,2023,AIRE,STATO FAMIGLIA,0,312,312
6,2023,AIRE,STATO FAMIGLIA CON RAPPORTI PARENTELA,0,4,4
6,2023,AIRE,STATO FAMIGLIA E STATO CIVILE,0,3,3
6,2023,AIRE,STATO LIBERO,0,6,6
6,2023,Residenti,CITTADINANZA,0,2489,2489
6,2023,Residenti,CONTESTUALE,0,67690,67690
6,2023,Residenti,CONTRATTO CONVIVENZA,0,11,11
6,2023,Residenti,ESISTENZA IN VITA,0,2084,2084
6,2023,Residenti,MATRIMONIO,0,14688,14688
6,2023,Residenti,NASCITA,0,15891,15891
6,2023,Residenti,RESIDENZA,0,75638,75638
6,2023,Residenti,RESIDENZA IN CONVIVENZA,0,85,85
6,2023,Residenti,STATO CIVILE,0,13719,13719
6,2023,Residenti,STATO FAMIGLIA,0,60029,60029
6,2023,Residenti,STATO FAMIGLIA CON RAPPORTI PARENTELA,0,10312,10312
6,2023,Residenti,STATO FAMIGLIA E STATO CIVILE,0,9041,9041
6,2023,Residenti,STATO LIBERO,0,5756,5756
6,2023,Residenti,UNIONE CIVILE ,0,70,70
7,2023,AIRE,CITTADINANZA,0,151,151
7,2023,AIRE,CONTESTUALE,0,608,608
7,2023,AIRE,ESISTENZA IN VITA,0,3,3
7,2023,AIRE,MATRIMONIO,0,198,198
7,2023,AIRE,NASCITA,0,481,481
7,2023,AIRE,RESIDENZA,0,652,652
7,2023,AIRE,STATO CIVILE,0,16,16
7,2023,AIRE,STATO FAMIGLIA,0,306,306
7,2023,AIRE,STATO FAMIGLIA CON RAPPORTI PARENTELA,0,6,6
7,2023,AIRE,STATO FAMIGLIA E STATO CIVILE,0,4,4
7,2023,AIRE,STATO LIBERO,0,7,7
7,2023,AIRE,UNIONE CIVILE ,0,6,6
7,2023,Residenti,CITTADINANZA,0,2206,2206
7,2023,Residenti,CONTESTUALE,0,83906,83906
7,2023,Residenti,CONTRATTO CONVIVENZA,0,16,16
7,2023,Residenti,ESISTENZA IN VITA,0,1838,1838
7,2023,Residenti,MATRIMONIO,0,14343,14343
7,2023,Residenti,NASCITA,0,16030,16030
7,2023,Residenti,RESIDENZA,0,73529,73529
7,2023,Residenti,RESIDENZA IN CONVIVENZA,0,90,90
7,2023,Residenti,STATO CIVILE,0,12783,12783
7,2023,Residenti,STATO FAMIGLIA,0,64405,64405
7,2023,Residenti,STATO FAMIGLIA CON RAPPORTI PARENTELA,0,10561,10561
7,2023,Residenti,STATO FAMIGLIA E STATO CIVILE,0,8322,8322
7,2023,Residenti,STATO LIBERO,0,5158,5158
7,2023,Residenti,UNIONE CIVILE ,0,97,97
8,2023,AIRE,CITTADINANZA,9,86,95
8,2023,AIRE,CONTESTUALE,61,381,442
8,2023,AIRE,MATRIMONIO,23,140,163
8,2023,AIRE,NASCITA,98,331,429
8,2023,AIRE,RESIDENZA,100,473,573
8,2023,AIRE,STATO CIVILE,2,11,13
8,2023,AIRE,STATO FAMIGLIA,22,206,228
8,2023,AIRE,STATO FAMIGLIA CON RAPPORTI PARENTELA,1,2,3
8,2023,AIRE,STATO FAMIGLIA E STATO CIVILE,0,1,1
8,2023,AIRE,STATO LIBERO,2,1,3
8,2023,AIRE,UNIONE CIVILE ,1,1,2
8,2023,Residenti,CITTADINANZA,69,1775,1844
8,2023,Residenti,CONTESTUALE,5213,61082,66295
8,2023,Residenti,CONTRATTO CONVIVENZA,3,13,16
8,2023,Residenti,ESISTENZA IN VITA,90,1037,1127
8,2023,Residenti,MATRIMONIO,744,7646,8390
8,2023,Residenti,NASCITA,1164,11395,12559
8,2023,Residenti,RESIDENZA,3282,52811,56093
8,2023,Residenti,RESIDENZA IN CONVIVENZA,1,57,58
8,2023,Residenti,STATO CIVILE,692,6595,7287
8,2023,Residenti,STATO FAMIGLIA,3375,43487,46862
8,2023,Residenti,STATO FAMIGLIA CON RAPPORTI PARENTELA,503,7214,7717
8,2023,Residenti,STATO FAMIGLIA E STATO CIVILE,417,5590,6007
8,2023,Residenti,STATO LIBERO,769,2116,2885
8,2023,Residenti,UNIONE CIVILE ,10,49,59
9,2023,AIRE,CITTADINANZA,11,104,115
9,2023,AIRE,CONTESTUALE,91,434,525
9,2023,AIRE,ESISTENZA IN VITA,0,1,1
9,2023,AIRE,MATRIMONIO,30,184,214
9,2023,AIRE,NASCITA,134,280,414
9,2023,AIRE,RESIDENZA,123,519,642
9,2023,AIRE,STATO CIVILE,1,9,10
9,2023,AIRE,STATO FAMIGLIA,38,245,283
9,2023,AIRE,STATO FAMIGLIA CON RAPPORTI PARENTELA,0,8,8
9,2023,AIRE,STATO FAMIGLIA E STATO CIVILE,0,8,8
9,2023,AIRE,STATO LIBERO,4,7,11
9,2023,AIRE,UNIONE CIVILE ,1,0,1
9,2023,Residenti,CITTADINANZA,104,2187,2291
9,2023,Residenti,CONTESTUALE,9132,133670,142802
9,2023,Residenti,CONTRATTO CONVIVENZA,1,9,10
9,2023,Residenti,ESISTENZA IN VITA,148,1533,1681
9,2023,Residenti,MATRIMONIO,1602,13137,14739
9,2023,Residenti,NASCITA,1648,17435,19083
9,2023,Residenti,RESIDENZA,5170,73891,79061
9,2023,Residenti,RESIDENZA IN CONVIVENZA,2,76,78
9,2023,Residenti,STATO CIVILE,2009,12177,14186
9,2023,Residenti,STATO FAMIGLIA,5685,73315,79000
9,2023,Residenti,STATO FAMIGLIA CON RAPPORTI PARENTELA,721,11000,11721
9,2023,Residenti,STATO FAMIGLIA E STATO CIVILE,789,9032,9821
9,2023,Residenti,STATO LIBERO,1924,4392,6316
9,2023,Residenti,UNIONE CIVILE ,13,76,89
10,2023,AIRE,CITTADINANZA,6,105,111
10,2023,AIRE,CONTESTUALE,111,469,580
10,2023,AIRE,ESISTENZA IN VITA,0,3,3
10,2023,AIRE,MATRIMONIO,24,185,209
10,2023,AIRE,NASCITA,98,366,464
10,2023,AIRE,RESIDENZA,124,667,791
10,2023,AIRE,STATO CIVILE,2,11,13
10,2023,AIRE,STATO FAMIGLIA,36,258,294
10,2023,AIRE,STATO FAMIGLIA CON RAPPORTI PARENTELA,0,6,6
10,2023,AIRE,STATO FAMIGLIA E STATO CIVILE,0,4,4
10,2023,AIRE,STATO LIBERO,3,2,5
10,2023,AIRE,UNIONE CIVILE ,0,1,1
10,2023,Residenti,CITTADINANZA,127,2353,2480
10,2023,Residenti,CONTESTUALE,10175,103265,113440
10,2023,Residenti,CONTRATTO CONVIVENZA,3,16,19
10,2023,Residenti,ESISTENZA IN VITA,181,1815,1996
10,2023,Residenti,MATRIMONIO,1659,14728,16387
10,2023,Residenti,NASCITA,1522,16877,18399
10,2023,Residenti,RESIDENZA,5589,76267,81856
10,2023,Residenti,RESIDENZA IN CONVIVENZA,5,95,100
10,2023,Residenti,STATO CIVILE,2151,12693,14844
10,2023,Residenti,STATO FAMIGLIA,5662,68792,74454
10,2023,Residenti,STATO FAMIGLIA CON RAPPORTI PARENTELA,774,10959,11733
10,2023,Residenti,STATO FAMIGLIA E STATO CIVILE,905,9524,10429
10,2023,Residenti,STATO LIBERO,2133,4554,6687
10,2023,Residenti,UNIONE CIVILE ,9,73,82
11,2023,AIRE,CITTADINANZA,7,112,119
11,2023,AIRE,CONTESTUALE,102,462,564
11,2023,AIRE,MATRIMONIO,21,171,192
11,2023,AIRE,NASCITA,136,321,457
11,2023,AIRE,RESIDENZA,125,604,729
11,2023,AIRE,STATO CIVILE,3,7,10
11,2023,AIRE,STATO FAMIGLIA,28,245,273
11,2023,AIRE,STATO FAMIGLIA CON RAPPORTI PARENTELA,0,6,6
11,2023,AIRE,STATO FAMIGLIA E STATO CIVILE,1,0,1
11,2023,AIRE,STATO LIBERO,1,4,5
11,2023,Residenti,CITTADINANZA,92,1963,2055
11,2023,Residenti,CONTESTUALE,9615,69680,79295
11,2023,Residenti,CONTRATTO CONVIVENZA,1,10,11
11,2023,Residenti,ESISTENZA IN VITA,177,1819,1996
11,2023,Residenti,MATRIMONIO,1390,13325,14715
11,2023,Residenti,NASCITA,1436,14166,15602
11,2023,Residenti,RESIDENZA,4964,70289,75253
11,2023,Residenti,RESIDENZA IN CONVIVENZA,1,66,67
11,2023,Residenti,STATO CIVILE,2108,12002,14110
11,2023,Residenti,STATO FAMIGLIA,5480,60671,66151
11,2023,Residenti,STATO FAMIGLIA CON RAPPORTI PARENTELA,771,10658,11429
11,2023,Residenti,STATO FAMIGLIA E STATO CIVILE,817,8714,9531
11,2023,Residenti,STATO LIBERO,2407,4897,7304
11,2023,Residenti,UNIONE CIVILE ,21,69,90
12,2023,AIRE,CITTADINANZA,14,91,105
12,2023,AIRE,CONTESTUALE,110,455,565
12,2023,AIRE,ESISTENZA IN VITA,0,2,2
12,2023,AIRE,MATRIMONIO,25,155,180
12,2023,AIRE,NASCITA,106,296,402
12,2023,AIRE,RESIDENZA,88,615,703
12,2023,AIRE,STATO CIVILE,2,9,11
12,2023,AIRE,STATO FAMIGLIA,26,224,250
12,2023,AIRE,STATO FAMIGLIA CON RAPPORTI PARENTELA,0,8,8
12,2023,AIRE,STATO FAMIGLIA E STATO CIVILE,0,4,4
12,2023,AIRE,STATO LIBERO,2,3,5
12,2023,AIRE,UNIONE CIVILE ,1,0,1
12,2023,Residenti,CITTADINANZA,97,1835,1932
12,2023,Residenti,CONTESTUALE,7668,60137,67805
12,2023,Residenti,CONTRATTO CONVIVENZA,2,10,12
12,2023,Residenti,ESISTENZA IN VITA,166,2268,2434
12,2023,Residenti,MATRIMONIO,996,10985,11981
12,2023,Residenti,NASCITA,1243,12133,13376
12,2023,Residenti,RESIDENZA,4305,125740,130045
12,2023,Residenti,RESIDENZA IN CONVIVENZA,1,68,69
12,2023,Residenti,STATO CIVILE,1615,10025,11640
12,2023,Residenti,STATO FAMIGLIA,4539,50172,54711
12,2023,Residenti,STATO FAMIGLIA CON RAPPORTI PARENTELA,715,8132,8847
12,2023,Residenti,STATO FAMIGLIA E STATO CIVILE,648,6567,7215
12,2023,Residenti,STATO LIBERO,1699,3720,5419
12,2023,Residenti,UNIONE CIVILE ,8,52,60
1,2024,AIRE,CITTADINANZA,15,101,116
1,2024,AIRE,CONTESTUALE,123,569,692
1,2024,AIRE,MATRIMONIO,32,183,215
1,2024,AIRE,NASCITA,187,370,557
1,2024,AIRE,RESIDENZA,146,900,1046
1,2024,AIRE,STATO CIVILE,3,10,13
1,2024,AIRE,STATO FAMIGLIA,33,289,322
1,2024,AIRE,STATO FAMIGLIA CON RAPPORTI PARENTELA,1,6,7
1,2024,AIRE,STATO FAMIGLIA E STATO CIVILE,0,3,3
1,2024,AIRE,STATO LIBERO,4,12,16
1,2024,AIRE,UNIONE CIVILE ,0,2,2
1,2024,Residenti,CITTADINANZA,137,2730,2867
1,2024,Residenti,CONTESTUALE,11918,109203,121121
1,2024,Residenti,CONTRATTO CONVIVENZA,1,23,24
1,2024,Residenti,ESISTENZA IN VITA,211,4536,4747
1,2024,Residenti,MATRIMONIO,1366,17056,18422
1,2024,Residenti,NASCITA,1842,19407,21249
1,2024,Residenti,RESIDENZA,6060,245206,251266
1,2024,Residenti,RESIDENZA IN CONVIVENZA,0,172,172
1,2024,Residenti,STATO CIVILE,2073,16081,18154
1,2024,Residenti,STATO FAMIGLIA,7782,110391,118173
1,2024,Residenti,STATO FAMIGLIA CON RAPPORTI PARENTELA,1118,14385,15503
1,2024,Residenti,STATO FAMIGLIA E STATO CIVILE,1009,11885,12894
1,2024,Residenti,STATO LIBERO,2250,5135,7385
1,2024,Residenti,UNIONE CIVILE ,11,81,92
2,2024,AIRE,CITTADINANZA,13,145,158
2,2024,AIRE,CONTESTUALE,140,510,650
2,2024,AIRE,ESISTENZA IN VITA,0,2,2
2,2024,AIRE,MATRIMONIO,32,168,200
2,2024,AIRE,NASCITA,185,420,605
2,2024,AIRE,RESIDENZA,140,1053,1193
2,2024,AIRE,STATO CIVILE,4,19,23
2,2024,AIRE,STATO FAMIGLIA,23,301,324
2,2024,AIRE,STATO FAMIGLIA CON RAPPORTI PARENTELA,1,10,11
2,2024,AIRE,STATO FAMIGLIA E STATO CIVILE,0,8,8
2,2024,AIRE,STATO LIBERO,2,6,8
2,2024,AIRE,UNIONE CIVILE ,1,2,3
2,2024,Residenti,CITTADINANZA,121,2781,2902
2,2024,Residenti,CONTESTUALE,13365,118393,131758
2,2024,Residenti,CONTRATTO CONVIVENZA,3,20,23
2,2024,Residenti,ESISTENZA IN VITA,181,3889,4070
2,2024,Residenti,MATRIMONIO,1277,18837,20114
2,2024,Residenti,NASCITA,1752,19836,21588
2,2024,Residenti,RESIDENZA,5834,270583,276417
2,2024,Residenti,RESIDENZA IN CONVIVENZA,4,212,216
2,2024,Residenti,STATO CIVILE,2152,17127,19279
2,2024,Residenti,STATO FAMIGLIA,7082,92646,99728
2,2024,Residenti,STATO FAMIGLIA CON RAPPORTI PARENTELA,861,11635,12496
2,2024,Residenti,STATO FAMIGLIA E STATO CIVILE,1039,10544,11583
2,2024,Residenti,STATO LIBERO,2397,5530,7927
2,2024,Residenti,UNIONE CIVILE ,10,90,100
3,2024,AIRE,CITTADINANZA,9,112,121
3,2024,AIRE,CONTESTUALE,145,619,764
3,2024,AIRE,ESISTENZA IN VITA,0,1,1
3,2024,AIRE,GODIMENTO DEI DIRITTI POLITICI,0,9,9
3,2024,AIRE,ISCRIZIONE NELLE LISTE ELETTORALI,2,13,15
3,2024,AIRE,MATRIMONIO,23,198,221
3,2024,AIRE,NASCITA,182,460,642
3,2024,AIRE,RESIDENZA,163,1144,1307
3,2024,AIRE,STATO CIVILE,4,15,19
3,2024,AIRE,STATO FAMIGLIA,27,300,327
3,2024,AIRE,STATO FAMIGLIA CON RAPPORTI PARENTELA,1,3,4
3,2024,AIRE,STATO FAMIGLIA E STATO CIVILE,1,11,12
3,2024,AIRE,STATO LIBERO,5,7,12
3,2024,AIRE,UNIONE CIVILE ,1,5,6
3,2024,Residenti,CITTADINANZA,163,2820,2983
3,2024,Residenti,CONTESTUALE,17105,124879,141984
3,2024,Residenti,CONTRATTO CONVIVENZA,4,16,20
3,2024,Residenti,ESISTENZA IN VITA,182,3354,3536
3,2024,Residenti,GODIMENTO DEI DIRITTI POLITICI,53,281,334
3,2024,Residenti,ISCRIZIONE NELLE LISTE ELETTORALI,15,800,815
3,2024,Residenti,MATRIMONIO,1351,18018,19369
3,2024,Residenti,NASCITA,1710,19331,21041
3,2024,Residenti,RESIDENZA,6092,268436,274528
3,2024,Residenti,RESIDENZA IN CONVIVENZA,4,223,227
3,2024,Residenti,STATO CIVILE,2136,16837,18973
3,2024,Residenti,STATO FAMIGLIA,6720,84603,91323
3,2024,Residenti,STATO FAMIGLIA CON RAPPORTI PARENTELA,860,10389,11249
3,2024,Residenti,STATO FAMIGLIA E STATO CIVILE,989,9532,10521
3,2024,Residenti,STATO LIBERO,2454,5511,7965
3,2024,Residenti,UNIONE CIVILE ,7,90,97
4,2024,AIRE,CITTADINANZA,18,135,153
4,2024,AIRE,CONTESTUALE,152,621,773
4,2024,AIRE,ESISTENZA IN VITA,0,2,2
4,2024,AIRE,GODIMENTO DEI DIRITTI POLITICI,2,10,12
4,2024,AIRE,ISCRIZIONE NELLE LISTE ELETTORALI,3,16,19
4,2024,AIRE,MATRIMONIO,30,170,200
4,2024,AIRE,NASCITA,156,430,586
4,2024,AIRE,RESIDENZA,198,1120,1318
4,2024,AIRE,STATO CIVILE,5,9,14
4,2024,AIRE,STATO FAMIGLIA,42,280,322
4,2024,AIRE,STATO FAMIGLIA CON RAPPORTI PARENTELA,0,6,6
4,2024,AIRE,STATO FAMIGLIA E STATO CIVILE,0,14,14
4,2024,AIRE,STATO LIBERO,1,4,5
4,2024,AIRE,UNIONE CIVILE ,1,0,1
4,2024,Residenti,CITTADINANZA,118,2803,2921
4,2024,Residenti,CONTESTUALE,13870,117446,131316
4,2024,Residenti,CONTRATTO CONVIVENZA,3,16,19
4,2024,Residenti,ESISTENZA IN VITA,170,3140,3310
4,2024,Residenti,GODIMENTO DEI DIRITTI POLITICI,66,785,851
4,2024,Residenti,ISCRIZIONE NELLE LISTE ELETTORALI,110,7679,7789
4,2024,Residenti,MATRIMONIO,1311,17768,19079
4,2024,Residenti,NASCITA,1812,18598,20410
4,2024,Residenti,RESIDENZA,5752,258679,264431
4,2024,Residenti,RESIDENZA IN CONVIVENZA,2,210,212
4,2024,Residenti,STATO CIVILE,2179,16402,18581
4,2024,Residenti,STATO FAMIGLIA,6338,79274,85612
4,2024,Residenti,STATO FAMIGLIA CON RAPPORTI PARENTELA,814,9548,10362
4,2024,Residenti,STATO FAMIGLIA E STATO CIVILE,937,9151,10088
4,2024,Residenti,STATO LIBERO,2564,5451,8015
4,2024,Residenti,UNIONE CIVILE ,15,78,93
5,2024,AIRE,CITTADINANZA,17,113,130
5,2024,AIRE,CONTESTUALE,135,685,820
5,2024,AIRE,ESISTENZA IN VITA,0,3,3
5,2024,AIRE,GODIMENTO DEI DIRITTI POLITICI,1,9,10
5,2024,AIRE,ISCRIZIONE NELLE LISTE ELETTORALI,4,57,61
5,2024,AIRE,MATRIMONIO,29,213,242
5,2024,AIRE,NASCITA,149,388,537
5,2024,AIRE,RESIDENZA,162,1132,1294
5,2024,AIRE,STATO CIVILE,5,21,26
5,2024,AIRE,STATO FAMIGLIA,47,300,347
5,2024,AIRE,STATO FAMIGLIA CON RAPPORTI PARENTELA,0,2,2
5,2024,AIRE,STATO FAMIGLIA E STATO CIVILE,1,3,4
5,2024,AIRE,STATO LIBERO,1,3,4
5,2024,AIRE,UNIONE CIVILE ,2,5,7
5,2024,Residenti,CITTADINANZA,120,3187,3307
5,2024,Residenti,CONTESTUALE,14830,134296,149126
5,2024,Residenti,CONTRATTO CONVIVENZA,4,21,25
5,2024,Residenti,ESISTENZA IN VITA,194,3582,3776
5,2024,Residenti,GODIMENTO DEI DIRITTI POLITICI,101,1183,1284
5,2024,Residenti,ISCRIZIONE NELLE LISTE ELETTORALI,95,7998,8093
5,2024,Residenti,MATRIMONIO,1744,20571,22315
5,2024,Residenti,NASCITA,1831,21908,23739
5,2024,Residenti,RESIDENZA,6096,297291,303387
5,2024,Residenti,RESIDENZA IN CONVIVENZA,4,174,178
5,2024,Residenti,STATO CIVILE,2702,19614,22316
5,2024,Residenti,STATO FAMIGLIA,7248,90528,97776
5,2024,Residenti,STATO FAMIGLIA CON RAPPORTI PARENTELA,969,11071,12040
5,2024,Residenti,STATO FAMIGLIA E STATO CIVILE,1101,9925,11026
5,2024,Residenti,STATO LIBERO,2893,6635,9528
5,2024,Residenti,UNIONE CIVILE ,13,87,100
6,2024,AIRE,CITTADINANZA,13,106,119
6,2024,AIRE,CONTESTUALE,124,637,761
6,2024,AIRE,ESISTENZA IN VITA,0,6,6
6,2024,AIRE,GODIMENTO DEI DIRITTI POLITICI,0,5,5
6,2024,AIRE,ISCRIZIONE NELLE LISTE ELETTORALI,2,70,72
6,2024,AIRE,MATRIMONIO,43,178,221
6,2024,AIRE,NASCITA,174,355,529
6,2024,AIRE,RESIDENZA,169,926,1095
6,2024,AIRE,STATO CIVILE,3,12,15
6,2024,AIRE,STATO FAMIGLIA,45,310,355
6,2024,AIRE,STATO FAMIGLIA CON RAPPORTI PARENTELA,1,6,7
6,2024,AIRE,STATO FAMIGLIA E STATO CIVILE,1,5,6
6,2024,AIRE,STATO LIBERO,2,3,5
6,2024,AIRE,UNIONE CIVILE ,0,3,3
6,2024,Residenti,CITTADINANZA,136,2701,2837
6,2024,Residenti,CONTESTUALE,11539,117603,129142
6,2024,Residenti,CONTRATTO CONVIVENZA,1,20,21
6,2024,Residenti,ESISTENZA IN VITA,172,3302,3474
6,2024,Residenti,GODIMENTO DEI DIRITTI POLITICI,95,1145,1240
6,2024,Residenti,ISCRIZIONE NELLE LISTE ELETTORALI,27,2017,2044
6,2024,Residenti,MATRIMONIO,1786,18134,19920
6,2024,Residenti,NASCITA,1682,17366,19048
6,2024,Residenti,RESIDENZA,5448,262572,268020
6,2024,Residenti,RESIDENZA IN CONVIVENZA,1,163,164
6,2024,Residenti,STATO CIVILE,2315,17584,19899
6,2024,Residenti,STATO FAMIGLIA,6588,78755,85343
6,2024,Residenti,STATO FAMIGLIA CON RAPPORTI PARENTELA,839,9256,10095
6,2024,Residenti,STATO FAMIGLIA E STATO CIVILE,979,8510,9489
6,2024,Residenti,STATO LIBERO,2443,5780,8223
6,2024,Residenti,UNIONE CIVILE ,19,79,98
7,2024,AIRE,CITTADINANZA,13,125,138
7,2024,AIRE,CONTESTUALE,112,589,701
7,2024,AIRE,ESISTENZA IN VITA,0,2,2
7,2024,AIRE,GODIMENTO DEI DIRITTI POLITICI,1,6,7
7,2024,AIRE,ISCRIZIONE NELLE LISTE ELETTORALI,0,7,7
7,2024,AIRE,MATRIMONIO,40,166,206
7,2024,AIRE,NASCITA,186,354,540
7,2024,AIRE,RESIDENZA,188,1065,1253
7,2024,AIRE,STATO CIVILE,9,11,20
7,2024,AIRE,STATO FAMIGLIA,51,322,373
7,2024,AIRE,STATO FAMIGLIA CON RAPPORTI PARENTELA,1,3,4
7,2024,AIRE,STATO FAMIGLIA E STATO CIVILE,0,1,1
7,2024,AIRE,STATO LIBERO,0,6,6
7,2024,AIRE,UNIONE CIVILE ,0,1,1
7,2024,Residenti,CITTADINANZA,142,2926,3068
7,2024,Residenti,CONTESTUALE,12098,151247,163345
7,2024,Residenti,CONTRATTO CONVIVENZA,3,23,26
7,2024,Residenti,ESISTENZA IN VITA,169,3623,3792
7,2024,Residenti,GODIMENTO DEI DIRITTI POLITICI,118,243,361
7,2024,Residenti,ISCRIZIONE NELLE LISTE ELETTORALI,24,211,235
7,2024,Residenti,MATRIMONIO,1887,19850,21737
7,2024,Residenti,NASCITA,1817,19106,20923
7,2024,Residenti,RESIDENZA,6205,286896,293101
7,2024,Residenti,RESIDENZA IN CONVIVENZA,5,186,191
7,2024,Residenti,STATO CIVILE,2371,18420,20791
7,2024,Residenti,STATO FAMIGLIA,7053,88696,95749
7,2024,Residenti,STATO FAMIGLIA CON RAPPORTI PARENTELA,989,10307,11296
7,2024,Residenti,STATO FAMIGLIA E STATO CIVILE,1084,8996,10080
7,2024,Residenti,STATO LIBERO,2571,5939,8510
7,2024,Residenti,UNIONE CIVILE ,23,77,100
8,2024,AIRE,CITTADINANZA,29,92,121
8,2024,AIRE,CONTESTUALE,94,431,525
8,2024,AIRE,GODIMENTO DEI DIRITTI POLITICI,1,5,6
8,2024,AIRE,ISCRIZIONE NELLE LISTE ELETTORALI,0,5,5
8,2024,AIRE,MATRIMONIO,24,162,186
8,2024,AIRE,NASCITA,180,358,538
8,2024,AIRE,RESIDENZA,127,721,848
8,2024,AIRE,STATO CIVILE,1,9,10
8,2024,AIRE,STATO FAMIGLIA,41,230,271
8,2024,AIRE,STATO FAMIGLIA E STATO CIVILE,0,2,2
8,2024,AIRE,STATO LIBERO,1,2,3
8,2024,AIRE,UNIONE CIVILE ,1,1,2
8,2024,Residenti,CITTADINANZA,113,2055,2168
8,2024,Residenti,CONTESTUALE,6955,83215,90170
8,2024,Residenti,CONTRATTO CONVIVENZA,2,16,18
8,2024,Residenti,ESISTENZA IN VITA,101,1724,1825
8,2024,Residenti,GODIMENTO DEI DIRITTI POLITICI,56,166,222
8,2024,Residenti,ISCRIZIONE NELLE LISTE ELETTORALI,22,299,321
8,2024,Residenti,MATRIMONIO,929,9357,10286
8,2024,Residenti,NASCITA,1454,12726,14180
8,2024,Residenti,RESIDENZA,4394,134688,139082
8,2024,Residenti,RESIDENZA IN CONVIVENZA,2,84,86
8,2024,Residenti,STATO CIVILE,864,8472,9336
8,2024,Residenti,STATO FAMIGLIA,4255,53004,57259
8,2024,Residenti,STATO FAMIGLIA CON RAPPORTI PARENTELA,636,6850,7486
8,2024,Residenti,STATO FAMIGLIA E STATO CIVILE,559,5341,5900
8,2024,Residenti,STATO LIBERO,942,2295,3237
8,2024,Residenti,UNIONE CIVILE ,9,55,64
9,2024,AIRE,CITTADINANZA,16,128,144
9,2024,AIRE,CONTESTUALE,134,597,731
9,2024,AIRE,ESISTENZA IN VITA,0,1,1
9,2024,AIRE,GODIMENTO DEI DIRITTI POLITICI,1,1,2
9,2024,AIRE,ISCRIZIONE NELLE LISTE ELETTORALI,1,11,12
9,2024,AIRE,MATRIMONIO,53,214,267
9,2024,AIRE,NASCITA,182,449,631
9,2024,AIRE,RESIDENZA,167,1018,1185
9,2024,AIRE,STATO CIVILE,2,15,17
9,2024,AIRE,STATO FAMIGLIA,44,319,363
9,2024,AIRE,STATO FAMIGLIA CON RAPPORTI PARENTELA,0,4,4
9,2024,AIRE,STATO FAMIGLIA E STATO CIVILE,0,5,5
9,2024,AIRE,STATO LIBERO,4,4,8
9,2024,AIRE,UNIONE CIVILE ,3,0,3
9,2024,Residenti,CITTADINANZA,150,3365,3515
9,2024,Residenti,CONTESTUALE,13060,203395,216455
9,2024,Residenti,CONTRATTO CONVIVENZA,5,20,25
9,2024,Residenti,ESISTENZA IN VITA,199,3431,3630
9,2024,Residenti,GODIMENTO DEI DIRITTI POLITICI,82,279,361
9,2024,Residenti,ISCRIZIONE NELLE LISTE ELETTORALI,15,335,350
9,2024,Residenti,MATRIMONIO,1933,19850,21783
9,2024,Residenti,NASCITA,1911,21811,23722
9,2024,Residenti,RESIDENZA,6335,293469,299804
9,2024,Residenti,RESIDENZA IN CONVIVENZA,3,217,220
9,2024,Residenti,STATO CIVILE,2554,18722,21276
9,2024,Residenti,STATO FAMIGLIA,7300,104403,111703
9,2024,Residenti,STATO FAMIGLIA CON RAPPORTI PARENTELA,953,11817,12770
9,2024,Residenti,STATO FAMIGLIA E STATO CIVILE,1014,9867,10881
9,2024,Residenti,STATO LIBERO,2629,6041,8670
9,2024,Residenti,UNIONE CIVILE ,20,93,113
10,2024,AIRE,CITTADINANZA,18,104,122
10,2024,AIRE,CONTESTUALE,146,660,806
10,2024,AIRE,ESISTENZA IN VITA,0,2,2
10,2024,AIRE,GODIMENTO DEI DIRITTI POLITICI,0,1,1
10,2024,AIRE,ISCRIZIONE NELLE LISTE ELETTORALI,0,6,6
10,2024,AIRE,MATRIMONIO,41,225,266
10,2024,AIRE,NASCITA,206,466,672
10,2024,AIRE,RESIDENZA,220,1278,1498
10,2024,AIRE,STATO CIVILE,8,9,17
10,2024,AIRE,STATO FAMIGLIA,40,337,377
10,2024,AIRE,STATO FAMIGLIA CON RAPPORTI PARENTELA,0,5,5
10,2024,AIRE,STATO FAMIGLIA E STATO CIVILE,0,2,2
10,2024,AIRE,STATO LIBERO,2,5,7
10,2024,AIRE,UNIONE CIVILE ,0,1,1
10,2024,Residenti,CITTADINANZA,169,3619,3788
10,2024,Residenti,CONTESTUALE,15394,190938,206332
10,2024,Residenti,CONTRATTO CONVIVENZA,0,23,23
10,2024,Residenti,ESISTENZA IN VITA,256,4051,4307
10,2024,Residenti,GODIMENTO DEI DIRITTI POLITICI,54,264,318
10,2024,Residenti,ISCRIZIONE NELLE LISTE ELETTORALI,16,657,673
10,2024,Residenti,MATRIMONIO,2284,23426,25710
10,2024,Residenti,NASCITA,1824,22447,24271
10,2024,Residenti,RESIDENZA,7440,335747,343187
10,2024,Residenti,RESIDENZA IN CONVIVENZA,5,229,234
10,2024,Residenti,STATO CIVILE,2857,21580,24437
10,2024,Residenti,STATO FAMIGLIA,8325,105194,113519
10,2024,Residenti,STATO FAMIGLIA CON RAPPORTI PARENTELA,1055,11970,13025
10,2024,Residenti,STATO FAMIGLIA E STATO CIVILE,1288,10688,11976
10,2024,Residenti,STATO LIBERO,3103,6745,9848
10,2024,Residenti,UNIONE CIVILE ,21,110,131
11,2024,AIRE,CITTADINANZA,28,102,130
11,2024,AIRE,CONTESTUALE,155,616,771
11,2024,AIRE,ESISTENZA IN VITA,0,2,2
11,2024,AIRE,GODIMENTO DEI DIRITTI POLITICI,0,8,8
11,2024,AIRE,ISCRIZIONE NELLE LISTE ELETTORALI,0,3,3
11,2024,AIRE,MATRIMONIO,54,213,267
11,2024,AIRE,NASCITA,207,460,667
11,2024,AIRE,RESIDENZA,157,1155,1312
11,2024,AIRE,STATO CIVILE,4,5,9
11,2024,AIRE,STATO FAMIGLIA,53,304,357
11,2024,AIRE,STATO FAMIGLIA CON RAPPORTI PARENTELA,0,5,5
11,2024,AIRE,STATO FAMIGLIA E STATO CIVILE,3,5,8
11,2024,AIRE,STATO LIBERO,0,8,8
11,2024,AIRE,UNIONE CIVILE ,1,2,3
11,2024,Residenti,CITTADINANZA,107,3167,3274
11,2024,Residenti,CONTESTUALE,12789,144246,157035
11,2024,Residenti,CONTRATTO CONVIVENZA,2,19,21
11,2024,Residenti,ESISTENZA IN VITA,188,3337,3525
11,2024,Residenti,GODIMENTO DEI DIRITTI POLITICI,118,225,343
11,2024,Residenti,ISCRIZIONE NELLE LISTE ELETTORALI,15,259,274
11,2024,Residenti,MATRIMONIO,1633,19655,21288
11,2024,Residenti,NASCITA,1606,18970,20576
11,2024,Residenti,RESIDENZA,6220,300887,307107
11,2024,Residenti,RESIDENZA IN CONVIVENZA,5,221,226
11,2024,Residenti,STATO CIVILE,2778,19040,21818
11,2024,Residenti,STATO FAMIGLIA,6529,89373,95902
11,2024,Residenti,STATO FAMIGLIA CON RAPPORTI PARENTELA,828,11134,11962
11,2024,Residenti,STATO FAMIGLIA E STATO CIVILE,1005,9346,10351
11,2024,Residenti,STATO LIBERO,3014,6508,9522
11,2024,Residenti,UNIONE CIVILE ,19,85,104
12,2024,AIRE,CITTADINANZA,16,126,142
12,2024,AIRE,CONTESTUALE,110,570,680
12,2024,AIRE,ESISTENZA IN VITA,0,2,2
12,2024,AIRE,GODIMENTO DEI DIRITTI POLITICI,2,5,7
12,2024,AIRE,ISCRIZIONE NELLE LISTE ELETTORALI,0,7,7
12,2024,AIRE,MATRIMONIO,39,197,236
12,2024,AIRE,NASCITA,177,373,550
12,2024,AIRE,RESIDENZA,165,1177,1342
12,2024,AIRE,STATO CIVILE,5,11,16
12,2024,AIRE,STATO FAMIGLIA,48,302,350
12,2024,AIRE,STATO FAMIGLIA CON RAPPORTI PARENTELA,0,2,2
12,2024,AIRE,STATO FAMIGLIA E STATO CIVILE,0,2,2
12,2024,AIRE,STATO LIBERO,1,0,1
12,2024,AIRE,UNIONE CIVILE ,1,0,1
12,2024,Residenti,CITTADINANZA,99,2877,2976
12,2024,Residenti,CONTESTUALE,9691,108704,118395
12,2024,Residenti,CONTRATTO CONVIVENZA,4,17,21
12,2024,Residenti,ESISTENZA IN VITA,168,2956,3124
12,2024,Residenti,GODIMENTO DEI DIRITTI POLITICI,67,180,247
12,2024,Residenti,ISCRIZIONE NELLE LISTE ELETTORALI,11,167,178
12,2024,Residenti,MATRIMONIO,1265,15341,16606
12,2024,Residenti,NASCITA,1505,15794,17299
12,2024,Residenti,RESIDENZA,5269,241630,246899
12,2024,Residenti,RESIDENZA IN CONVIVENZA,2,146,148
12,2024,Residenti,STATO CIVILE,2063,14481,16544
12,2024,Residenti,STATO FAMIGLIA,5618,69313,74931
12,2024,Residenti,STATO FAMIGLIA CON RAPPORTI PARENTELA,829,8691,9520
12,2024,Residenti,STATO FAMIGLIA E STATO CIVILE,846,7283,8129
12,2024,Residenti,STATO LIBERO,2202,4509,6711
12,2024,Residenti,UNIONE CIVILE ,9,71,80
1,2025,AIRE,CITTADINANZA,28,137,165
1,2025,AIRE,CONTESTUALE,173,668,841
1,2025,AIRE,ESISTENZA IN VITA,1,3,4
1,2025,AIRE,GODIMENTO DEI DIRITTI POLITICI,0,6,6
1,2025,AIRE,ISCRIZIONE NELLE LISTE ELETTORALI,2,9,11
1,2025,AIRE,MATRIMONIO,39,230,269
1,2025,AIRE,NASCITA,269,496,765
1,2025,AIRE,RESIDENZA,163,1301,1464
1,2025,AIRE,STATO CIVILE,5,15,20
1,2025,AIRE,STATO FAMIGLIA,61,351,412
1,2025,AIRE,STATO FAMIGLIA CON RAPPORTI PARENTELA,1,3,4
1,2025,AIRE,STATO FAMIGLIA E STATO CIVILE,6,8,14
1,2025,AIRE,STATO LIBERO,4,4,8
1,2025,AIRE,UNIONE CIVILE ,2,5,7
1,2025,Residenti,CITTADINANZA,161,3440,3601
1,2025,Residenti,CONTESTUALE,16358,159048,175406
1,2025,Residenti,CONTRATTO CONVIVENZA,7,33,40
1,2025,Residenti,ESISTENZA IN VITA,263,4479,4742
1,2025,Residenti,GODIMENTO DEI DIRITTI POLITICI,83,390,473
1,2025,Residenti,ISCRIZIONE NELLE LISTE ELETTORALI,11,295,306
1,2025,Residenti,MATRIMONIO,1810,20353,22163
1,2025,Residenti,NASCITA,2292,21444,23736
1,2025,Residenti,RESIDENZA,8084,322823,330907
1,2025,Residenti,RESIDENZA IN CONVIVENZA,7,335,342
1,2025,Residenti,STATO CIVILE,3206,20795,24001
1,2025,Residenti,STATO FAMIGLIA,9174,125876,135050
1,2025,Residenti,STATO FAMIGLIA CON RAPPORTI PARENTELA,1148,15638,16786
1,2025,Residenti,STATO FAMIGLIA E STATO CIVILE,1396,13411,14807
1,2025,Residenti,STATO LIBERO,3201,6389,9590
1,2025,Residenti,UNIONE CIVILE ,10,82,92
2,2025,AIRE,CITTADINANZA,17,118,135
2,2025,AIRE,CONTESTUALE,156,616,772
2,2025,AIRE,ESISTENZA IN VITA,0,3,3
2,2025,AIRE,GODIMENTO DEI DIRITTI POLITICI,2,2,4
2,2025,AIRE,ISCRIZIONE NELLE LISTE ELETTORALI,2,6,8
2,2025,AIRE,MATRIMONIO,43,189,232
2,2025,AIRE,NASCITA,301,435,736
2,2025,AIRE,RESIDENZA,191,1180,1371
2,2025,AIRE,STATO CIVILE,4,10,14
2,2025,AIRE,STATO FAMIGLIA,53,313,366
2,2025,AIRE,STATO FAMIGLIA CON RAPPORTI PARENTELA,2,3,5
2,2025,AIRE,STATO FAMIGLIA E STATO CIVILE,0,2,2
2,2025,AIRE,STATO LIBERO,4,1,5
2,2025,AIRE,UNIONE CIVILE ,2,1,3
2,2025,Residenti,CITTADINANZA,132,2936,3068
2,2025,Residenti,CONTESTUALE,16701,144879,161580
2,2025,Residenti,CONTRATTO CONVIVENZA,3,28,31
2,2025,Residenti,ESISTENZA IN VITA,219,3525,3744
2,2025,Residenti,GODIMENTO DEI DIRITTI POLITICI,89,258,347
2,2025,Residenti,ISCRIZIONE NELLE LISTE ELETTORALI,23,613,636
2,2025,Residenti,MATRIMONIO,1686,18115,19801
2,2025,Residenti,NASCITA,2161,18031,20192
2,2025,Residenti,RESIDENZA,7580,304519,312099
2,2025,Residenti,RESIDENZA IN CONVIVENZA,7,238,245
2,2025,Residenti,STATO CIVILE,2937,17158,20095
2,2025,Residenti,STATO FAMIGLIA,8793,88277,97070
2,2025,Residenti,STATO FAMIGLIA CON RAPPORTI PARENTELA,946,10298,11244
2,2025,Residenti,STATO FAMIGLIA E STATO CIVILE,1170,8737,9907
2,2025,Residenti,STATO LIBERO,2968,5070,8038
2,2025,Residenti,UNIONE CIVILE ,16,68,84
3,2025,AIRE,CITTADINANZA,24,112,136
3,2025,AIRE,CONTESTUALE,210,627,837
3,2025,AIRE,GODIMENTO DEI DIRITTI POLITICI,2,7,9
3,2025,AIRE,ISCRIZIONE NELLE LISTE ELETTORALI,0,14,14
3,2025,AIRE,MATRIMONIO,53,246,299
3,2025,AIRE,NASCITA,397,480,877
3,2025,AIRE,RESIDENZA,232,1116,1348
3,2025,AIRE,STATO CIVILE,5,11,16
3,2025,AIRE,STATO FAMIGLIA,57,358,415
3,2025,AIRE,STATO FAMIGLIA CON RAPPORTI PARENTELA,2,7,9
3,2025,AIRE,STATO LIBERO,4,3,7
3,2025,AIRE,UNIONE CIVILE ,0,3,3
3,2025,Residenti,CITTADINANZA,161,2932,3093
3,2025,Residenti,CONTESTUALE,18948,154029,172977
3,2025,Residenti,CONTRATTO CONVIVENZA,5,19,24
3,2025,Residenti,ESISTENZA IN VITA,254,3139,3393
3,2025,Residenti,GODIMENTO DEI DIRITTI POLITICI,95,294,389
3,2025,Residenti,ISCRIZIONE NELLE LISTE ELETTORALI,50,1196,1246
3,2025,Residenti,MATRIMONIO,1957,18168,20125
3,2025,Residenti,NASCITA,2451,17891,20342
3,2025,Residenti,RESIDENZA,8834,324072,332906
3,2025,Residenti,RESIDENZA IN CONVIVENZA,3,233,236
3,2025,Residenti,STATO CIVILE,3732,17334,21066
3,2025,Residenti,STATO FAMIGLIA,9548,83574,93122
3,2025,Residenti,STATO FAMIGLIA CON RAPPORTI PARENTELA,936,9116,10052
3,2025,Residenti,STATO FAMIGLIA E STATO CIVILE,1184,7902,9086
3,2025,Residenti,STATO LIBERO,3579,5430,9009
3,2025,Residenti,UNIONE CIVILE ,13,73,86
4,2025,AIRE,CITTADINANZA,35,144,179
4,2025,AIRE,CONTESTUALE,164,695,859
4,2025,AIRE,ESISTENZA IN VITA,0,1,1
4,2025,AIRE,GODIMENTO DEI DIRITTI POLITICI,3,6,9
4,2025,AIRE,ISCRIZIONE NELLE LISTE ELETTORALI,3,20,23
4,2025,AIRE,MATRIMONIO,53,212,265
4,2025,AIRE,NASCITA,345,421,766
4,2025,AIRE,RESIDENZA,249,1045,1294
4,2025,AIRE,STATO CIVILE,4,9,13
4,2025,AIRE,STATO FAMIGLIA,52,357,409
4,2025,AIRE,STATO FAMIGLIA CON RAPPORTI PARENTELA,1,5,6
4,2025,AIRE,STATO FAMIGLIA E STATO CIVILE,0,3,3
4,2025,AIRE,STATO LIBERO,2,2,4
4,2025,AIRE,UNIONE CIVILE ,0,2,2
4,2025,Residenti,CITTADINANZA,151,2702,2853
4,2025,Residenti,CONTESTUALE,16345,135912,152257
4,2025,Residenti,CONTRATTO CONVIVENZA,2,20,22
4,2025,Residenti,ESISTENZA IN VITA,214,2701,2915
4,2025,Residenti,GODIMENTO DEI DIRITTI POLITICI,87,514,601
4,2025,Residenti,ISCRIZIONE NELLE LISTE ELETTORALI,93,2053,2146
4,2025,Residenti,MATRIMONIO,1847,16264,18111
4,2025,Residenti,NASCITA,2451,16908,19359
4,2025,Residenti,RESIDENZA,7987,288953,296940
4,2025,Residenti,RESIDENZA IN CONVIVENZA,2,193,195
4,2025,Residenti,STATO CIVILE,3335,15331,18666
4,2025,Residenti,STATO FAMIGLIA,8757,73259,82016
4,2025,Residenti,STATO FAMIGLIA CON RAPPORTI PARENTELA,817,8105,8922
4,2025,Residenti,STATO FAMIGLIA E STATO CIVILE,1026,6868,7894
4,2025,Residenti,STATO LIBERO,3358,4624,7982
4,2025,Residenti,UNIONE CIVILE ,12,84,96
5,2025,AIRE,CITTADINANZA,27,153,180
5,2025,AIRE,CONTESTUALE,185,640,825
5,2025,AIRE,ESISTENZA IN VITA,0,6,6
5,2025,AIRE,GODIMENTO DEI DIRITTI POLITICI,1,10,11
5,2025,AIRE,ISCRIZIONE NELLE LISTE ELETTORALI,1,33,34
5,2025,AIRE,MATRIMONIO,47,228,275
5,2025,AIRE,NASCITA,442,473,915
5,2025,AIRE,RESIDENZA,237,1171,1408
5,2025,AIRE,STATO CIVILE,6,7,13
5,2025,AIRE,STATO FAMIGLIA,73,375,448
5,2025,AIRE,STATO FAMIGLIA CON RAPPORTI PARENTELA,1,3,4
5,2025,AIRE,STATO FAMIGLIA E STATO CIVILE,0,6,6
5,2025,AIRE,STATO LIBERO,2,4,6
5,2025,AIRE,UNIONE CIVILE ,1,1,2
5,2025,Residenti,CITTADINANZA,129,2887,3016
5,2025,Residenti,CONTESTUALE,17625,148584,166209
5,2025,Residenti,CONTRATTO CONVIVENZA,7,24,31
5,2025,Residenti,ESISTENZA IN VITA,222,3099,3321
5,2025,Residenti,GODIMENTO DEI DIRITTI POLITICI,144,1193,1337
5,2025,Residenti,ISCRIZIONE NELLE LISTE ELETTORALI,67,1943,2010
5,2025,Residenti,MATRIMONIO,2120,18133,20253
5,2025,Residenti,NASCITA,2657,18483,21140
5,2025,Residenti,RESIDENZA,8885,318572,327457
5,2025,Residenti,RESIDENZA IN CONVIVENZA,6,209,215
5,2025,Residenti,STATO CIVILE,4031,17695,21726
5,2025,Residenti,STATO FAMIGLIA,9417,79017,88434
5,2025,Residenti,STATO FAMIGLIA CON RAPPORTI PARENTELA,943,9067,10010
5,2025,Residenti,STATO FAMIGLIA E STATO CIVILE,1088,7555,8643
5,2025,Residenti,STATO LIBERO,3821,5205,9026
5,2025,Residenti,UNIONE CIVILE ,15,83,98
6,2025,AIRE,CITTADINANZA,33,159,192
6,2025,AIRE,CONTESTUALE,139,599,738
6,2025,AIRE,ESISTENZA IN VITA,1,2,3
6,2025,AIRE,GODIMENTO DEI DIRITTI POLITICI,2,8,10
6,2025,AIRE,ISCRIZIONE NELLE LISTE ELETTORALI,1,17,18
6,2025,AIRE,MATRIMONIO,58,207,265
6,2025,AIRE,NASCITA,302,495,797
6,2025,AIRE,RESIDENZA,239,1147,1386
6,2025,AIRE,STATO CIVILE,6,15,21
6,2025,AIRE,STATO FAMIGLIA,42,398,440
6,2025,AIRE,STATO FAMIGLIA CON RAPPORTI PARENTELA,0,5,5
6,2025,AIRE,STATO FAMIGLIA E STATO CIVILE,1,5,6
6,2025,AIRE,STATO LIBERO,4,4,8
6,2025,AIRE,UNIONE CIVILE ,1,4,5
6,2025,Residenti,CITTADINANZA,139,2642,2781
6,2025,Residenti,CONTESTUALE,15749,142338,158087
6,2025,Residenti,CONTRATTO CONVIVENZA,5,29,34
6,2025,Residenti,ESISTENZA IN VITA,249,3059,3308
6,2025,Residenti,GODIMENTO DEI DIRITTI POLITICI,139,1598,1737
6,2025,Residenti,ISCRIZIONE NELLE LISTE ELETTORALI,59,2430,2489
6,2025,Residenti,MATRIMONIO,2319,16836,19155
6,2025,Residenti,NASCITA,2728,16451,19179
6,2025,Residenti,RESIDENZA,8229,298449,306678
6,2025,Residenti,RESIDENZA IN CONVIVENZA,4,182,186
6,2025,Residenti,STATO CIVILE,3697,16249,19946
6,2025,Residenti,STATO FAMIGLIA,8875,73437,82312
6,2025,Residenti,STATO FAMIGLIA CON RAPPORTI PARENTELA,858,7871,8729
6,2025,Residenti,STATO FAMIGLIA E STATO CIVILE,1093,6643,7736
6,2025,Residenti,STATO LIBERO,3434,4737,8171
6,2025,Residenti,UNIONE CIVILE ,26,82,108
7,2025,AIRE,CITTADINANZA,53,253,306
7,2025,AIRE,CONTESTUALE,174,692,866
7,2025,AIRE,ESISTENZA IN VITA,0,9,9
7,2025,AIRE,GODIMENTO DEI DIRITTI POLITICI,1,7,8
7,2025,AIRE,ISCRIZIONE NELLE LISTE ELETTORALI,2,14,16
7,2025,AIRE,MATRIMONIO,37,216,253
7,2025,AIRE,NASCITA,333,532,865
7,2025,AIRE,RESIDENZA,250,1277,1527
7,2025,AIRE,STATO CIVILE,5,6,11
7,2025,AIRE,STATO FAMIGLIA,53,406,459
7,2025,AIRE,STATO FAMIGLIA CON RAPPORTI PARENTELA,1,0,1
7,2025,AIRE,STATO FAMIGLIA E STATO CIVILE,1,0,1
7,2025,AIRE,STATO LIBERO,2,2,4
7,2025,AIRE,UNIONE CIVILE ,1,3,4
7,2025,Residenti,CITTADINANZA,178,2918,3096
7,2025,Residenti,CONTESTUALE,15445,194533,209978
7,2025,Residenti,CONTRATTO CONVIVENZA,8,25,33
7,2025,Residenti,ESISTENZA IN VITA,247,3392,3639
7,2025,Residenti,GODIMENTO DEI DIRITTI POLITICI,88,244,332
7,2025,Residenti,ISCRIZIONE NELLE LISTE ELETTORALI,22,356,378
7,2025,Residenti,MATRIMONIO,2451,18617,21068
7,2025,Residenti,NASCITA,2861,20325,23186
7,2025,Residenti,RESIDENZA,9108,334044,343152
7,2025,Residenti,RESIDENZA IN CONVIVENZA,10,203,213
7,2025,Residenti,STATO CIVILE,3728,17533,21261
7,2025,Residenti,STATO FAMIGLIA,9641,91800,101441
7,2025,Residenti,STATO FAMIGLIA CON RAPPORTI PARENTELA,1028,9587,10615
7,2025,Residenti,STATO FAMIGLIA E STATO CIVILE,1184,7525,8709
7,2025,Residenti,STATO LIBERO,3344,4716,8060
7,2025,Residenti,UNIONE CIVILE ,19,99,118
8,2025,AIRE,CITTADINANZA,56,160,216
8,2025,AIRE,CONTESTUALE,135,471,606
8,2025,AIRE,ESISTENZA IN VITA,0,5,5
8,2025,AIRE,GODIMENTO DEI DIRITTI POLITICI,3,0,3
8,2025,AIRE,ISCRIZIONE NELLE LISTE ELETTORALI,2,14,16
8,2025,AIRE,MATRIMONIO,39,203,242
8,2025,AIRE,NASCITA,285,402,687
8,2025,AIRE,RESIDENZA,182,851,1033
8,2025,AIRE,STATO CIVILE,0,10,10
8,2025,AIRE,STATO FAMIGLIA,42,283,325
8,2025,AIRE,STATO FAMIGLIA CON RAPPORTI PARENTELA,1,2,3
8,2025,AIRE,STATO FAMIGLIA E STATO CIVILE,2,0,2
8,2025,AIRE,STATO LIBERO,1,2,3
8,2025,Residenti,CITTADINANZA,129,2017,2146
8,2025,Residenti,CONTESTUALE,8945,118655,127600
8,2025,Residenti,CONTRATTO CONVIVENZA,2,12,14
8,2025,Residenti,ESISTENZA IN VITA,156,1619,1775
8,2025,Residenti,GODIMENTO DEI DIRITTI POLITICI,89,207,296
8,2025,Residenti,ISCRIZIONE NELLE LISTE ELETTORALI,36,678,714
8,2025,Residenti,MATRIMONIO,1316,8922,10238
8,2025,Residenti,NASCITA,2567,14529,17096
8,2025,Residenti,RESIDENZA,6170,146575,152745
8,2025,Residenti,RESIDENZA IN CONVIVENZA,2,126,128
8,2025,Residenti,STATO CIVILE,1420,8004,9424
8,2025,Residenti,STATO FAMIGLIA,6182,57658,63840
8,2025,Residenti,STATO FAMIGLIA CON RAPPORTI PARENTELA,683,6765,7448
8,2025,Residenti,STATO FAMIGLIA E STATO CIVILE,645,4754,5399
8,2025,Residenti,STATO LIBERO,1200,1861,3061
8,2025,Residenti,UNIONE CIVILE ,19,39,58
9,2025,AIRE,CITTADINANZA,79,198,277
9,2025,AIRE,CONTESTUALE,155,666,821
9,2025,AIRE,ESISTENZA IN VITA,0,5,5
9,2025,AIRE,GODIMENTO DEI DIRITTI POLITICI,0,5,5
9,2025,AIRE,ISCRIZIONE NELLE LISTE ELETTORALI,1,12,13
9,2025,AIRE,MATRIMONIO,46,245,291
9,2025,AIRE,NASCITA,373,569,942
9,2025,AIRE,RESIDENZA,231,1253,1484
9,2025,AIRE,STATO CIVILE,7,8,15
9,2025,AIRE,STATO FAMIGLIA,56,406,462
9,2025,AIRE,STATO FAMIGLIA CON RAPPORTI PARENTELA,1,9,10
9,2025,AIRE,STATO FAMIGLIA E STATO CIVILE,1,1,2
9,2025,AIRE,STATO LIBERO,4,3,7
9,2025,AIRE,UNIONE CIVILE ,0,5,5
9,2025,Residenti,CITTADINANZA,172,2875,3047
9,2025,Residenti,CONTESTUALE,17676,265347,283023
9,2025,Residenti,CONTRATTO CONVIVENZA,5,25,30
9,2025,Residenti,ESISTENZA IN VITA,296,3587,3883
9,2025,Residenti,GODIMENTO DEI DIRITTI POLITICI,153,418,571
9,2025,Residenti,ISCRIZIONE NELLE LISTE ELETTORALI,33,848,881
9,2025,Residenti,MATRIMONIO,2975,20399,23374
9,2025,Residenti,NASCITA,3507,23797,27304
9,2025,Residenti,RESIDENZA,10326,334804,345130
9,2025,Residenti,RESIDENZA IN CONVIVENZA,7,222,229
9,2025,Residenti,STATO CIVILE,4390,18827,23217
9,2025,Residenti,STATO FAMIGLIA,11224,110525,121749
9,2025,Residenti,STATO FAMIGLIA CON RAPPORTI PARENTELA,1064,11141,12205
9,2025,Residenti,STATO FAMIGLIA E STATO CIVILE,1259,8413,9672
9,2025,Residenti,STATO LIBERO,3846,5463,9309
9,2025,Residenti,UNIONE CIVILE ,35,104,139
10,2025,AIRE,CITTADINANZA,60,207,267
10,2025,AIRE,CONTESTUALE,162,681,843
10,2025,AIRE,GODIMENTO DEI DIRITTI POLITICI,4,8,12
10,2025,AIRE,ISCRIZIONE NELLE LISTE ELETTORALI,3,19,22
10,2025,AIRE,MATRIMONIO,51,261,312
10,2025,AIRE,NASCITA,377,531,908
10,2025,AIRE,RESIDENZA,247,1201,1448
10,2025,AIRE,STATO CIVILE,2,11,13
10,2025,AIRE,STATO FAMIGLIA,58,413,471
10,2025,AIRE,STATO FAMIGLIA CON RAPPORTI PARENTELA,1,2,3
10,2025,AIRE,STATO FAMIGLIA E STATO CIVILE,2,5,7
10,2025,AIRE,STATO LIBERO,3,8,11
10,2025,AIRE,UNIONE CIVILE ,2,6,8
10,2025,Residenti,CITTADINANZA,176,3123,3299
10,2025,Residenti,CONTESTUALE,17400,215060,232460
10,2025,Residenti,CONTRATTO CONVIVENZA,8,33,41
10,2025,Residenti,ESISTENZA IN VITA,304,3360,3664
10,2025,Residenti,GODIMENTO DEI DIRITTI POLITICI,90,489,579
10,2025,Residenti,ISCRIZIONE NELLE LISTE ELETTORALI,57,1433,1490
10,2025,Residenti,MATRIMONIO,3022,22217,25239
10,2025,Residenti,NASCITA,3265,22606,25871
10,2025,Residenti,RESIDENZA,10502,360942,371444
10,2025,Residenti,RESIDENZA IN CONVIVENZA,3,239,242
10,2025,Residenti,STATO CIVILE,4230,19667,23897
10,2025,Residenti,STATO FAMIGLIA,10875,102042,112917
10,2025,Residenti,STATO FAMIGLIA CON RAPPORTI PARENTELA,948,10661,11609
10,2025,Residenti,STATO FAMIGLIA E STATO CIVILE,1199,8482,9681
10,2025,Residenti,STATO LIBERO,3934,5717,9651
10,2025,Residenti,UNIONE CIVILE ,21,100,121
11,2025,AIRE,CITTADINANZA,37,154,191
11,2025,AIRE,CONTESTUALE,150,646,796
11,2025,AIRE,ESISTENZA IN VITA,0,3,3
11,2025,AIRE,GODIMENTO DEI DIRITTI POLITICI,5,11,16
11,2025,AIRE,ISCRIZIONE NELLE LISTE ELETTORALI,1,11,12
11,2025,AIRE,MATRIMONIO,36,227,263
11,2025,AIRE,NASCITA,307,486,793
11,2025,AIRE,RESIDENZA,225,1194,1419
11,2025,AIRE,STATO CIVILE,2,12,14
11,2025,AIRE,STATO FAMIGLIA,73,344,417
11,2025,AIRE,STATO FAMIGLIA CON RAPPORTI PARENTELA,2,3,5
11,2025,AIRE,STATO FAMIGLIA E STATO CIVILE,0,1,1
11,2025,AIRE,STATO LIBERO,1,0,1
11,2025,AIRE,UNIONE CIVILE ,0,1,1
11,2025,Residenti,CITTADINANZA,161,2720,2881
11,2025,Residenti,CONTESTUALE,15561,167681,183242
11,2025,Residenti,CONTRATTO CONVIVENZA,11,26,37
11,2025,Residenti,ESISTENZA IN VITA,256,3078,3334
11,2025,Residenti,GODIMENTO DEI DIRITTI POLITICI,102,672,774
11,2025,Residenti,ISCRIZIONE NELLE LISTE ELETTORALI,30,998,1028
11,2025,Residenti,MATRIMONIO,2386,19473,21859
11,2025,Residenti,NASCITA,2840,19388,22228
11,2025,Residenti,RESIDENZA,9818,324504,334322
11,2025,Residenti,RESIDENZA IN CONVIVENZA,3,222,225
11,2025,Residenti,STATO CIVILE,4106,18415,22521
11,2025,Residenti,STATO FAMIGLIA,9600,90310,99910
11,2025,Residenti,STATO FAMIGLIA CON RAPPORTI PARENTELA,971,10453,11424
11,2025,Residenti,STATO FAMIGLIA E STATO CIVILE,1190,7562,8752
11,2025,Residenti,STATO LIBERO,3807,5188,8995
11,2025,Residenti,UNIONE CIVILE ,24,96,120
12,2025,AIRE,CITTADINANZA,45,169,214
12,2025,AIRE,CONTESTUALE,134,571,705
12,2025,AIRE,CONTRATTO CONVIVENZA,1,0,1
12,2025,AIRE,ESISTENZA IN VITA,0,3,3
12,2025,AIRE,GODIMENTO DEI DIRITTI POLITICI,2,7,9
12,2025,AIRE,ISCRIZIONE NELLE LISTE ELETTORALI,1,19,20
12,2025,AIRE,MATRIMONIO,36,159,195
12,2025,AIRE,NASCITA,278,435,713
12,2025,AIRE,RESIDENZA,226,1052,1278
12,2025,AIRE,STATO CIVILE,2,8,10
12,2025,AIRE,STATO FAMIGLIA,48,318,366
12,2025,AIRE,STATO FAMIGLIA CON RAPPORTI PARENTELA,0,6,6
12,2025,AIRE,STATO FAMIGLIA E STATO CIVILE,0,4,4
12,2025,AIRE,STATO LIBERO,3,2,5
12,2025,AIRE,UNIONE CIVILE ,0,3,3
12,2025,Residenti,CITTADINANZA,134,2212,2346
12,2025,Residenti,CONTESTUALE,11527,124848,136375
12,2025,Residenti,CONTRATTO CONVIVENZA,5,16,21
12,2025,Residenti,ESISTENZA IN VITA,239,2726,2965
12,2025,Residenti,GODIMENTO DEI DIRITTI POLITICI,89,190,279
12,2025,Residenti,ISCRIZIONE NELLE LISTE ELETTORALI,12,339,351
12,2025,Residenti,MATRIMONIO,1850,14902,16752
12,2025,Residenti,NASCITA,2592,16116,18708
12,2025,Residenti,RESIDENZA,7974,260907,268881
12,2025,Residenti,RESIDENZA IN CONVIVENZA,6,184,190
12,2025,Residenti,STATO CIVILE,2854,13541,16395
12,2025,Residenti,STATO FAMIGLIA,7776,69408,77184
12,2025,Residenti,STATO FAMIGLIA CON RAPPORTI PARENTELA,865,7956,8821
12,2025,Residenti,STATO FAMIGLIA E STATO CIVILE,897,6026,6923
12,2025,Residenti,STATO LIBERO,2628,3855,6483
12,2025,Residenti,UNIONE CIVILE ,19,63,82
1,2026,AIRE,CITTADINANZA,52,217,269
1,2026,AIRE,CONTESTUALE,175,746,921
1,2026,AIRE,ESISTENZA IN VITA,0,2,2
1,2026,AIRE,GODIMENTO DEI DIRITTI POLITICI,2,7,9
1,2026,AIRE,ISCRIZIONE NELLE LISTE ELETTORALI,1,15,16
1,2026,AIRE,MATRIMONIO,44,256,300
1,2026,AIRE,NASCITA,516,645,1161
1,2026,AIRE,RESIDENZA,326,1339,1665
1,2026,AIRE,RESIDENZA IN CONVIVENZA,0,1,1
1,2026,AIRE,STATO CIVILE,2,14,16
1,2026,AIRE,STATO FAMIGLIA,71,421,492
1,2026,AIRE,STATO FAMIGLIA CON RAPPORTI PARENTELA,3,7,10
1,2026,AIRE,STATO FAMIGLIA E STATO CIVILE,1,7,8
1,2026,AIRE,STATO LIBERO,0,5,5
1,2026,AIRE,UNIONE CIVILE ,1,2,3
1,2026,Residenti,CITTADINANZA,214,2891,3105
1,2026,Residenti,CONTESTUALE,18264,173800,192064
1,2026,Residenti,CONTRATTO CONVIVENZA,4,31,35
1,2026,Residenti,ESISTENZA IN VITA,375,3849,4224
1,2026,Residenti,GODIMENTO DEI DIRITTI POLITICI,90,472,562
1,2026,Residenti,ISCRIZIONE NELLE LISTE ELETTORALI,30,619,649
1,2026,Residenti,MATRIMONIO,2488,19282,21770
1,2026,Residenti,NASCITA,3593,22007,25600
1,2026,Residenti,RESIDENZA,11409,321912,333321
1,2026,Residenti,RESIDENZA IN CONVIVENZA,4,285,289
1,2026,Residenti,STATO CIVILE,4202,18501,22703
1,2026,Residenti,STATO FAMIGLIA,12279,122639,134918
1,2026,Residenti,STATO FAMIGLIA CON RAPPORTI PARENTELA,1257,15264,16521
1,2026,Residenti,STATO FAMIGLIA E STATO CIVILE,1348,10465,11813
1,2026,Residenti,STATO LIBERO,3753,5045,8798
1,2026,Residenti,UNIONE CIVILE ,19,85,104
2,2026,AIRE,CITTADINANZA,41,207,248
2,2026,AIRE,CONTESTUALE,171,723,894
2,2026,AIRE,ESISTENZA IN VITA,0,6,6
2,2026,AIRE,GODIMENTO DEI DIRITTI POLITICI,6,12,18
2,2026,AIRE,ISCRIZIONE NELLE LISTE ELETTORALI,1,31,32
2,2026,AIRE,MATRIMONIO,51,243,294
2,2026,AIRE,NASCITA,393,564,957
2,2026,AIRE,RESIDENZA,290,1397,1687
2,2026,AIRE,STATO CIVILE,1,14,15
2,2026,AIRE,STATO FAMIGLIA,62,456,518
2,2026,AIRE,STATO FAMIGLIA CON RAPPORTI PARENTELA,0,5,5
2,2026,AIRE,STATO FAMIGLIA E STATO CIVILE,0,2,2
2,2026,AIRE,STATO LIBERO,6,5,11
2,2026,AIRE,UNIONE CIVILE ,0,4,4
2,2026,Residenti,CITTADINANZA,188,2778,2966
2,2026,Residenti,CONTESTUALE,18641,177795,196436
2,2026,Residenti,CONTRATTO CONVIVENZA,11,31,42
2,2026,Residenti,ESISTENZA IN VITA,344,3241,3585
2,2026,Residenti,GODIMENTO DEI DIRITTI POLITICI,100,779,879
2,2026,Residenti,ISCRIZIONE NELLE LISTE ELETTORALI,41,1518,1559
2,2026,Residenti,MATRIMONIO,2015,19822,21837
2,2026,Residenti,NASCITA,3109,20401,23510
2,2026,Residenti,RESIDENZA,10271,336917,347188
2,2026,Residenti,RESIDENZA IN CONVIVENZA,7,247,254
2,2026,Residenti,STATO CIVILE,3908,19049,22957
2,2026,Residenti,STATO FAMIGLIA,10956,107806,118762
2,2026,Residenti,STATO FAMIGLIA CON RAPPORTI PARENTELA,1105,11550,12655
2,2026,Residenti,STATO FAMIGLIA E STATO CIVILE,1286,8665,9951
2,2026,Residenti,STATO LIBERO,3613,5324,8937
2,2026,Residenti,UNIONE CIVILE ,22,89,111
3,2026,AIRE,CITTADINANZA,58,209,267
3,2026,AIRE,CONTESTUALE,192,787,979
3,2026,AIRE,ESISTENZA IN VITA,0,12,12
3,2026,AIRE,GODIMENTO DEI DIRITTI POLITICI,3,10,13
3,2026,AIRE,ISCRIZIONE NELLE LISTE ELETTORALI,0,51,51
3,2026,AIRE,MATRIMONIO,48,242,290
3,2026,AIRE,NASCITA,476,604,1080
3,2026,AIRE,RESIDENZA,340,1582,1922
3,2026,AIRE,STATO CIVILE,3,10,13
3,2026,AIRE,STATO FAMIGLIA,56,453,509
3,2026,AIRE,STATO FAMIGLIA CON RAPPORTI PARENTELA,0,2,2
3,2026,AIRE,STATO FAMIGLIA E STATO CIVILE,0,5,5
3,2026,AIRE,STATO LIBERO,0,4,4
3,2026,AIRE,UNIONE CIVILE ,0,1,1
3,2026,Residenti,CITTADINANZA,234,3036,3270
3,2026,Residenti,CONTESTUALE,21840,199814,221654
3,2026,Residenti,CONTRATTO CONVIVENZA,7,38,45
3,2026,Residenti,ESISTENZA IN VITA,340,3616,3956
3,2026,Residenti,GODIMENTO DEI DIRITTI POLITICI,205,3198,3403
3,2026,Residenti,ISCRIZIONE NELLE LISTE ELETTORALI,203,6749,6952
3,2026,Residenti,MATRIMONIO,2299,21251,23550
3,2026,Residenti,NASCITA,3315,22093,25408
3,2026,Residenti,RESIDENZA,11333,371048,382381
3,2026,Residenti,RESIDENZA IN CONVIVENZA,6,286,292
3,2026,Residenti,STATO CIVILE,4412,20938,25350
3,2026,Residenti,STATO FAMIGLIA,11865,112153,124018
3,2026,Residenti,STATO FAMIGLIA CON RAPPORTI PARENTELA,1146,11466,12612
3,2026,Residenti,STATO FAMIGLIA E STATO CIVILE,1440,9063,10503
3,2026,Residenti,STATO LIBERO,4146,6095,10241
3,2026,Residenti,UNIONE CIVILE ,27,112,139
4,2026,AIRE,CITTADINANZA,54,156,210
4,2026,AIRE,CONTESTUALE,148,648,796
4,2026,AIRE,ESISTENZA IN VITA,0,2,2
4,2026,AIRE,GODIMENTO DEI DIRITTI POLITICI,3,11,14
4,2026,AIRE,ISCRIZIONE NELLE LISTE ELETTORALI,4,17,21
4,2026,AIRE,MATRIMONIO,31,174,205
4,2026,AIRE,NASCITA,347,522,869
4,2026,AIRE,RESIDENZA,357,1566,1923
4,2026,AIRE,STATO CIVILE,0,8,8
4,2026,AIRE,STATO FAMIGLIA,43,336,379
4,2026,AIRE,STATO FAMIGLIA CON RAPPORTI PARENTELA,1,5,6
4,2026,AIRE,STATO FAMIGLIA E STATO CIVILE,1,9,10
4,2026,AIRE,STATO LIBERO,3,0,3
4,2026,AIRE,UNIONE CIVILE ,1,3,4
4,2026,Residenti,CITTADINANZA,168,2752,2920
4,2026,Residenti,CONTESTUALE,18522,176020,194542
4,2026,Residenti,CONTRATTO CONVIVENZA,10,38,48
4,2026,Residenti,ESISTENZA IN VITA,302,2981,3283
4,2026,Residenti,GODIMENTO DEI DIRITTI POLITICI,122,752,874
4,2026,Residenti,ISCRIZIONE NELLE LISTE ELETTORALI,264,7648,7912
4,2026,Residenti,MATRIMONIO,909,14572,15481
4,2026,Residenti,NASCITA,2885,19813,22698
4,2026,Residenti,RESIDENZA,10104,331097,341201
4,2026,Residenti,RESIDENZA IN CONVIVENZA,4,231,235
4,2026,Residenti,STATO CIVILE,2398,15875,18273
4,2026,Residenti,STATO FAMIGLIA,9822,96045,105867
4,2026,Residenti,STATO FAMIGLIA CON RAPPORTI PARENTELA,983,9545,10528
4,2026,Residenti,STATO FAMIGLIA E STATO CIVILE,1032,7074,8106
4,2026,Residenti,STATO LIBERO,3033,4789,7822
4,2026,Residenti,UNIONE CIVILE ,7,73,80
5,2026,AIRE,CITTADINANZA,40,157,197
5,2026,AIRE,CONTESTUALE,144,621,765
5,2026,AIRE,ESISTENZA IN VITA,0,1,1
5,2026,AIRE,GODIMENTO DEI DIRITTI POLITICI,2,8,10
5,2026,AIRE,ISCRIZIONE NELLE LISTE ELETTORALI,6,17,23
5,2026,AIRE,MATRIMONIO,40,222,262
5,2026,AIRE,NASCITA,347,499,846
5,2026,AIRE,RESIDENZA,360,1630,1990
5,2026,AIRE,STATO CIVILE,1,11,12
5,2026,AIRE,STATO FAMIGLIA,47,349,396
5,2026,AIRE,STATO FAMIGLIA CON RAPPORTI PARENTELA,0,3,3
5,2026,AIRE,STATO FAMIGLIA E STATO CIVILE,0,4,4
5,2026,AIRE,UNIONE CIVILE ,2,5,7
5,2026,Residenti,CITTADINANZA,200,2652,2852
5,2026,Residenti,CONTESTUALE,18450,170141,188591
5,2026,Residenti,CONTRATTO CONVIVENZA,4,35,39
5,2026,Residenti,ESISTENZA IN VITA,280,2837,3117
5,2026,Residenti,GODIMENTO DEI DIRITTI POLITICI,98,350,448
5,2026,Residenti,ISCRIZIONE NELLE LISTE ELETTORALI,30,807,837
5,2026,Residenti,MATRIMONIO,1028,14603,15631
5,2026,Residenti,NASCITA,2760,19198,21958
5,2026,Residenti,RESIDENZA,9955,329734,339689
5,2026,Residenti,RESIDENZA IN CONVIVENZA,5,208,213
5,2026,Residenti,STATO CIVILE,2530,16016,18546
5,2026,Residenti,STATO FAMIGLIA,9456,95480,104936
5,2026,Residenti,STATO FAMIGLIA CON RAPPORTI PARENTELA,966,9511,10477
5,2026,Residenti,STATO FAMIGLIA E STATO CIVILE,1033,6777,7810
5,2026,Residenti,STATO LIBERO,3071,4613,7684
5,2026,Residenti,UNIONE CIVILE ,11,62,73
6,2026,AIRE,CITTADINANZA,25,150,175
6,2026,AIRE,CONTESTUALE,124,643,767
6,2026,AIRE,ESISTENZA IN VITA,0,2,2
6,2026,AIRE,GODIMENTO DEI DIRITTI POLITICI,2,9,11
6,2026,AIRE,ISCRIZIONE NELLE LISTE ELETTORALI,2,11,13
6,2026,AIRE,MATRIMONIO,37,153,190
6,2026,AIRE,NASCITA,373,518,891
6,2026,AIRE,RESIDENZA,338,1772,2110
6,2026,AIRE,STATO CIVILE,1,8,9
6,2026,AIRE,STATO FAMIGLIA,34,369,403
6,2026,AIRE,STATO FAMIGLIA CON RAPPORTI PARENTELA,0,4,4
6,2026,AIRE,STATO FAMIGLIA E STATO CIVILE,0,3,3
6,2026,AIRE,STATO LIBERO,0,2,2
6,2026,AIRE,UNIONE CIVILE ,0,4,4
6,2026,Residenti,CITTADINANZA,163,2606,2769
6,2026,Residenti,CONTESTUALE,17346,169883,187229
6,2026,Residenti,CONTRATTO CONVIVENZA,4,40,44
6,2026,Residenti,ESISTENZA IN VITA,289,3148,3437
6,2026,Residenti,GODIMENTO DEI DIRITTI POLITICI,112,191,303
6,2026,Residenti,ISCRIZIONE NELLE LISTE ELETTORALI,35,215,250
6,2026,Residenti,MATRIMONIO,1114,14336,15450
6,2026,Residenti,NASCITA,3148,18544,21692
6,2026,Residenti,RESIDENZA,9888,323830,333718
6,2026,Residenti,RESIDENZA IN CONVIVENZA,6,227,233
6,2026,Residenti,STATO CIVILE,2471,15408,17879
6,2026,Residenti,STATO FAMIGLIA,9497,93657,103154
6,2026,Residenti,STATO FAMIGLIA CON RAPPORTI PARENTELA,979,9434,10413
6,2026,Residenti,STATO FAMIGLIA E STATO CIVILE,996,6647,7643
6,2026,Residenti,STATO LIBERO,2940,4494,7434
6,2026,Residenti,UNIONE CIVILE ,8,63,71
7,2026,AIRE,CITTADINANZA,43,170,213
7,2026,AIRE,CONTESTUALE,141,675,816
7,2026,AIRE,ESISTENZA IN VITA,0,1,1
7,2026,AIRE,GODIMENTO DEI DIRITTI POLITICI,2,6,8
7,2026,AIRE,ISCRIZIONE NELLE LISTE ELETTORALI,0,8,8
7,2026,AIRE,MATRIMONIO,20,193,213
7,2026,AIRE,NASCITA,317,511,828
7,2026,AIRE,RESIDENZA,438,1774,2212
7,2026,AIRE,STATO CIVILE,1,4,5
7,2026,AIRE,STATO FAMIGLIA,50,400,450
7,2026,AIRE,STATO FAMIGLIA CON RAPPORTI PARENTELA,0,2,2
7,2026,AIRE,STATO FAMIGLIA E STATO CIVILE,0,1,1
7,2026,AIRE,STATO LIBERO,1,1,2
7,2026,Residenti,CITTADINANZA,205,2811,3016
7,2026,Residenti,CONTESTUALE,16869,225664,242533
7,2026,Residenti,CONTRATTO CONVIVENZA,8,55,63
7,2026,Residenti,ESISTENZA IN VITA,297,3127,3424
7,2026,Residenti,GODIMENTO DEI DIRITTI POLITICI,90,217,307
7,2026,Residenti,ISCRIZIONE NELLE LISTE ELETTORALI,54,260,314
7,2026,Residenti,MATRIMONIO,1124,14927,16051
7,2026,Residenti,NASCITA,3280,21196,24476
7,2026,Residenti,RESIDENZA,10646,349464,360110
7,2026,Residenti,RESIDENZA IN CONVIVENZA,6,233,239
7,2026,Residenti,STATO CIVILE,2328,15803,18131
7,2026,Residenti,STATO FAMIGLIA,9951,104416,114367
7,2026,Residenti,STATO FAMIGLIA CON RAPPORTI PARENTELA,1050,10225,11275
7,2026,Residenti,STATO FAMIGLIA E STATO CIVILE,1005,6929,7934
7,2026,Residenti,STATO LIBERO,2960,4374,7334
7,2026,Residenti,UNIONE CIVILE ,13,59,72