MESE,ANNO,TOTALE
10,2026,124351
9,2026,430450
8,2026,163674
7,2026,420470
6,2026,389776
5,2026,399912
4,2026,400484
3,2026,446907
2,2026,406018
1,2026,365715
12,2025,302196
11,2025,377673
10,2025,417560
9,2025,376882
8,2025,141481
7,2025,385551
6,2025,340319
5,2025,358457
4,2025,328593
3,2025,374158
2,2025,345110
1,2025,346074
12,2024,263282
11,2024,330799
10,2024,369285
9,2024,309863
8,2024,120430
7,2024,311016
6,2024,280157
5,2024,313445
4,2024,268299
3,2024,276350
2,2024,279013
1,2024,232687
12,2023,98063