DATA_ELABORAZIONE,TOTALE,PERCENTUALE,EMAIL,TELEFONO,DOMICILIO_DIGITALE
06-01-2026,7154243,11,4401996,4763221,2710679
05-01-2026,7146321,11,4394707,4756446,2710253
04-01-2026,7141897,11,4391060,4752985,2709533
03-01-2026,7138047,11,4387575,4749736,2709199
02-01-2026,7131910,11,4381921,4744406,2708999
01-01-2026,7129026,11,4379382,4742234,2708556
31-12-2025,7126429,11,4376819,4739918,2708514
30-12-2025,7120822,11,4371386,4734959,2708455
29-12-2025,7113438,11,4364702,4728757,2707824
28-12-2025,7110380,11,4361994,4726232,2707333
27-12-2025,7107709,11,4359432,4723957,2707112
26-12-2025,7105188,11,4357462,4722142,2706558
25-12-2025,7103762,11,4356149,4720891,2706455
24-12-2025,7101355,11,4353836,4718764,2706436
23-12-2025,7095681,11,4348498,4713852,2706287
22-12-2025,7090254,11,4343609,4709438,2705841
21-12-2025,7089834,11,4341192,4707138,2708275
20-12-2025,7086781,11,4338506,4704801,2707871
19-12-2025,7081134,11,4333473,4700153,2707384
18-12-2025,7074916,11,4327353,4694408,2707566
17-12-2025,7067719,11,4320511,4688261,2707321
16-12-2025,7060169,11,4313226,4681660,2707174
15-12-2025,7052140,11,4305590,4674619,2706936
14-12-2025,7049012,11,4302540,4671923,2706873
13-12-2025,7045723,11,4299630,4669370,2706408
12-12-2025,7039136,11,4293486,4663831,2706018
11-12-2025,7031320,11,4286177,4657145,2705688
09-12-2025,7016703,11,4271267,4643374,2706643
08-12-2025,7013029,11,4267898,4640461,2706243
07-12-2025,7009780,11,4265733,4638449,2704895
06-12-2025,7003317,11,4262987,4635949,2700096
05-12-2025,6997002,11,4256935,4630234,2700096
04-12-2025,6987164,11,4249586,4623221,2697413
03-12-2025,6978211,11,4242317,4616023,2695958
02-12-2025,6968479,11,4234267,4608364,2694288
01-12-2025,6959387,11,4225924,4600525,2693737
30-11-2025,6954898,11,4222608,4597277,2692372
29-11-2025,6950384,11,4219469,4594458,2690646
28-11-2025,6942635,10,4213529,4588828,2688712
27-11-2025,6933690,10,4206210,4582048,2686934
26-11-2025,6924439,10,4198380,4574717,2685546
25-11-2025,6915159,10,4190683,4567051,2684329
24-11-2025,6906166,10,4182648,4559207,2683814
23-11-2025,6901929,10,4179305,4555976,2682918
22-11-2025,6897589,10,4176048,4552864,2681698
21-11-2025,6889893,10,4169692,4546822,2680409
20-11-2025,6879929,10,4161938,4539307,2678164
19-11-2025,6871359,10,4153947,4531631,2678164
18-11-2025,6861867,10,4145885,4523548,2677231
17-11-2025,6850714,10,4137411,4515460,2674650
16-11-2025,6846551,10,4133748,4512249,2674053
15-11-2025,6842235,10,4130277,4509095,2673016
14-11-2025,6834699,10,4123894,4502970,2672055
13-11-2025,6825685,10,4116107,4495374,2671119
12-11-2025,6816423,10,4107761,4487583,2670389
11-11-2025,6806840,10,4099215,4479561,2669657
10-11-2025,6796298,10,4090316,4471187,2668147
09-11-2025,6792640,10,4086842,4467825,2668267
08-11-2025,6786263,10,4083613,4464768,2664840
07-11-2025,6778461,10,4076926,4458599,2663793
05-11-2025,6759715,10,4060051,4442790,2662600
04-11-2025,6750078,10,4051045,4434632,2662077
03-11-2025,6740007,10,4041938,4426290,2661213
02-11-2025,6736076,10,4038188,4422876,2661161
01-11-2025,6732546,10,4035058,4420157,2660631
31-10-2025,6725712,10,4028945,4414499,2660010
30-10-2025,6716306,10,4020780,4406868,2658959
29-10-2025,6707300,10,4012333,4399106,2658619
28-10-2025,6697170,10,4003175,4390717,2657615
27-10-2025,6688800,10,3994894,4383416,2657615
26-10-2025,6685595,10,3992087,4380851,2657128
25-10-2025,6681208,10,3988743,4377815,2655906
24-10-2025,6673374,10,3981910,4371356,2655106
23-10-2025,6664123,10,3973508,4363557,2654448
22-10-2025,6654714,10,3964523,4355068,2654582
21-10-2025,6644851,10,3955068,4346659,2654352
20-10-2025,6634826,10,3945765,4338179,2653981
19-10-2025,6630958,10,3942348,4334963,2653679
18-10-2025,6627096,10,3939085,4331920,2653181
17-10-2025,6619123,10,3931836,4325183,2652725
16-10-2025,6609561,10,3922857,4316985,2652423
15-10-2025,6599533,10,3913171,4308230,2652343
14-10-2025,6588521,10,3902751,4298710,2652189
13-10-2025,6577049,10,3892084,4289048,2651828
12-10-2025,6572660,10,3887936,4285412,2651703
11-10-2025,6568468,10,3883972,4281907,2651510
10-10-2025,6560112,10,3876071,4274795,2651247
09-10-2025,6550358,10,3867152,4266161,2651083
08-10-2025,6540017,10,3857266,4257186,2651047
07-10-2025,6529560,10,3847158,4248184,2650943
06-10-2025,6518481,10,3836665,4238897,2650653
05-10-2025,6514174,10,3832536,4235292,2650519
04-10-2025,6510320,10,3828863,4232053,2650343
03-10-2025,6502065,10,3821230,4225053,2649939
02-10-2025,6491866,10,3811607,4216039,2649679
01-10-2025,6480856,10,3801486,4206234,2649482
30-09-2025,6469348,10,3790780,4196154,2649309
29-09-2025,6457653,10,3779821,4186053,2649213
28-09-2025,6453426,10,3775724,4182369,2649187
27-09-2025,6448841,10,3771363,4178519,2649002
26-09-2025,6439629,10,3762429,4170691,2648798
25-09-2025,6428464,10,3752464,4161365,2647923
24-09-2025,6416717,10,3741422,4151396,2647620
23-09-2025,6404732,10,3729921,4141271,2647406
22-09-2025,6392417,10,3717944,4130618,2647327
21-09-2025,6387928,10,3713601,4126832,2647169
20-09-2025,6383613,10,3709474,4123180,2647021
19-09-2025,6374425,10,3700583,4115339,2646854
18-09-2025,6363181,10,3689715,4105795,2646699
17-09-2025,6350980,10,3678001,4095408,2646485
16-09-2025,6338302,10,3665910,4084626,2646399
15-09-2025,6325489,10,3653681,4073559,2646349
14-09-2025,6320876,10,3649171,4069583,2646319
13-09-2025,6316330,10,3644821,4065717,2646254
12-09-2025,6306696,10,3635634,4057428,2646155
11-09-2025,6294983,10,3624300,4047414,2646076
10-09-2025,6282612,10,3612212,4036780,2646007
09-09-2025,6270116,9,3600052,4026117,2645977
08-09-2025,6257718,9,3588180,4015607,2645813
07-09-2025,6253367,9,3584109,4012074,2645625
06-09-2025,6248939,9,3580041,4008541,2645272
05-09-2025,6239238,9,3571009,4000534,2644747
04-09-2025,6228279,9,3560468,3991217,2644523
03-09-2025,6216742,9,3549232,3981349,2644466
02-09-2025,6204293,9,3537385,3970979,2644023
01-09-2025,6191881,9,3525261,3960263,2643918
31-08-2025,6187658,9,3521556,3957088,2643442
30-08-2025,6183363,9,3517748,3953771,2642934
29-08-2025,6175668,9,3510549,3947454,2642478
28-08-2025,6166066,9,3501993,3939722,2641666
27-08-2025,6156639,9,3492898,3931760,2641596
26-08-2025,6147361,9,3483832,3923852,2641581
25-08-2025,6137867,9,3474742,3915856,2641399
24-08-2025,6134151,9,3471687,3913179,2640673
23-08-2025,6131045,9,3468747,3910617,2640494
22-08-2025,6124744,9,3463404,3905886,2639604
21-08-2025,6117667,9,3457209,3900456,2638786
20-08-2025,6111192,9,3450885,3894886,2638758
19-08-2025,6104726,9,3444628,3889339,2638707
18-08-2025,6098326,9,3438425,3883872,2638646
17-08-2025,6095977,9,3436186,3881946,2638546
16-08-2025,6093869,9,3434189,3880219,2638453
15-08-2025,6092129,9,3432655,3878871,2638258
14-08-2025,6088615,9,3429346,3875972,2638056
13-08-2025,6084007,9,3424872,3872000,2637978
12-08-2025,6078683,9,3419741,3867424,2637920
11-08-2025,6070068,9,3414308,3862593,2634595
10-08-2025,6067606,9,3412037,3860596,2634434
09-08-2025,6064818,9,3409539,3858384,2634127
08-08-2025,6059182,9,3404029,3853540,2634061
07-08-2025,6051861,9,3397360,3847251,2633858
06-08-2025,6043997,9,3389767,3840538,2633738
05-08-2025,6035936,9,3381948,3833568,2633706
04-08-2025,6027045,9,3373685,3825943,2633523
03-08-2025,6020101,9,3370725,3823348,2629164
02-08-2025,6016431,9,3367331,3820448,2628863
01-08-2025,6009324,9,3360594,3814334,2628709
31-07-2025,6000718,9,3352487,3807116,2628371
30-07-2025,5991477,9,3343639,3799133,2628277
29-07-2025,5981279,9,3334546,3791022,2627256
28-07-2025,5970838,9,3324696,3782301,2626813
27-07-2025,5967158,9,3321435,3779419,2626376
26-07-2025,5963174,9,3318002,3776445,2625637
25-07-2025,5955319,9,3310729,3770090,2625064
24-07-2025,5945832,9,3301778,3762281,2624566
23-07-2025,5936160,9,3292553,3754223,2624238
22-07-2025,5926070,9,3282636,3745524,2624349
18-07-2025,5901713,9,3259700,3725053,2623434
17-07-2025,5891969,9,3250948,3716908,2622952
16-07-2025,5882577,9,3241874,3708707,2622939
15-07-2025,5873006,9,3232705,3700424,2622841
14-07-2025,5863065,9,3223215,3691835,2622745
13-07-2025,5858759,9,3219639,3688674,2621920
12-07-2025,5855359,9,3216370,3685698,2621920
11-07-2025,5847822,9,3209482,3679470,2621452
10-07-2025,5838655,9,3200878,3671675,2621174
09-07-2025,5829318,9,3191961,3663591,2621055
08-07-2025,5819693,9,3182671,3655311,2620951
07-07-2025,5809538,9,3173017,3646565,2620790
06-07-2025,5805897,9,3169508,3643429,2620769
05-07-2025,5802478,9,3166212,3640440,2620781
04-07-2025,5794854,9,3159189,3634106,2620372
03-07-2025,5785764,9,3150669,3626457,2619993
02-07-2025,5776547,9,3141784,3618480,2619915
01-07-2025,5767188,9,3132816,3610384,2619805
30-06-2025,5757710,9,3123893,3602274,2619530
29-06-2025,5754464,9,3120884,3599582,2619379
28-06-2025,5751764,9,3117808,3596873,2619820
27-06-2025,5744125,9,3111235,3590986,2618862
26-06-2025,5735538,9,3103182,3583726,2618507
25-06-2025,5725887,9,3094741,3576213,2617350
24-06-2025,5716834,9,3086280,3568647,2616947
23-06-2025,5707639,9,3077442,3560679,2616947
22-06-2025,5704428,9,3074361,3557930,2616947
21-06-2025,5701300,9,3071331,3555246,2616947
20-06-2025,5694324,9,3064581,3549198,2616947
19-06-2025,5691604,9,3061899,3546874,2616947
18-06-2025,5676909,9,3048043,3534427,2616320
17-06-2025,5667497,9,3038938,3526193,2616165
16-06-2025,5658383,9,3030431,3518447,2615838
15-06-2025,5654914,9,3027383,3515719,2615491
14-06-2025,5651656,9,3024364,3513016,2615258
13-06-2025,5644538,9,3017771,3506976,2614949
12-06-2025,5635756,9,3009756,3499683,2614486
11-06-2025,5626933,9,3001308,3492042,2614509
10-06-2025,5617316,9,2992039,3483778,2614345
09-06-2025,5607000,8,2982450,3475146,2614021
08-06-2025,5601794,8,2977526,3470829,2613855
07-06-2025,5597066,8,2973293,3467057,2613455
06-06-2025,5588862,8,2966162,3460606,2612595
05-06-2025,5579688,8,2957523,3452920,2612162
04-06-2025,5569780,8,2947907,3444258,2612020
03-06-2025,5560385,8,2938938,3435923,2612137
02-06-2025,5556198,8,2935142,3432558,2611864
01-06-2025,5553665,8,2932765,3430450,2611780
31-05-2025,5550094,8,2929795,3427789,2611186
30-05-2025,5543098,8,2923383,3422007,2610803
29-05-2025,5534255,8,2915152,3414567,2610534
28-05-2025,5524981,8,2906476,3406654,2610292
27-05-2025,5515346,8,2897456,3398479,2610094
26-05-2025,5503096,8,2888399,3390145,2606559
25-05-2025,5499375,8,2884838,3386966,2606559
24-05-2025,5495807,8,2881460,3383944,2606559
23-05-2025,5488353,8,2874282,3377550,2606559
22-05-2025,5479404,8,2865917,3369770,2606559
21-05-2025,5469845,8,2856621,3361395,2606559
20-05-2025,5460138,8,2848275,3352715,2606559
19-05-2025,5450498,8,2838976,3344215,2606674
18-05-2025,5447047,8,2835746,3341367,2606552
17-05-2025,5443447,8,2832307,3338273,2606497
16-05-2025,5435958,8,2825120,3331695,2606473
15-05-2025,5426529,8,2816604,3323906,2605926
14-05-2025,5416886,8,2807395,3315489,2605938
13-05-2025,5407210,8,2798011,3306807,2606114
12-05-2025,5396952,8,2788399,3297935,2606028
11-05-2025,5393675,8,2785208,3295063,2606074
10-05-2025,5389966,8,2781855,3292046,2605799
09-05-2025,5382403,8,2774919,3285721,2605456
08-05-2025,5373109,8,2766520,3278100,2604849
07-05-2025,5363579,8,2757524,3270024,2604678
06-05-2025,5353824,8,2748358,3261658,2604478
05-05-2025,5343606,8,2738635,3252824,2604449
04-05-2025,5339688,8,2734942,3249557,2604311
03-05-2025,5336583,8,2732095,3246938,2604153
02-05-2025,5330600,8,2726385,3241729,2604097
01-05-2025,5327294,8,2723247,3238984,2603929
30-04-2025,5319625,8,2715873,3232480,2603757
29-04-2025,5310428,8,2708098,3224344,2603554
28-04-2025,5300356,8,2698801,3215963,2603098
27-04-2025,5296934,8,2695699,3213234,2602849
26-04-2025,5294091,8,2693142,3210925,2602602
25-04-2025,5290664,8,2690051,3208166,2602273
24-04-2025,5282389,8,2682492,3201251,2601850
23-04-2025,5273139,8,2673729,3193314,2601721
22-04-2025,5264362,8,2665386,3185737,2601749
21-04-2025,5261297,8,2662854,3183459,2601314
20-04-2025,5256755,8,2661046,3181762,2598526
19-04-2025,5253929,8,2658529,3179486,2598254
18-04-2025,5247874,8,2652961,3174314,2598098
17-04-2025,5238420,8,2645547,3167517,2596309
16-04-2025,5229434,8,2637213,3159970,2596029
15-04-2025,5219694,8,2628162,3151798,2595637
14-04-2025,5209607,8,2618710,3143223,2595470
13-04-2025,5205440,8,2614855,3139864,2595267
12-04-2025,5201725,8,2611479,3136867,2594977
11-04-2025,5194211,8,2604626,3130626,2594535
10-04-2025,5185575,8,2596316,3122972,2594698
09-04-2025,5176135,8,2587368,3114797,2594665
08-04-2025,5166765,8,2578651,3106599,2594641
07-04-2025,5156955,8,2569103,3097885,2594912
06-04-2025,5153042,8,2565555,3094707,2594573
05-04-2025,5149667,8,2562325,3091818,2594579
04-04-2025,5141684,8,2555357,3085394,2593733
03-04-2025,5132448,8,2546636,3077472,2593733
02-04-2025,5122606,8,2537399,3069148,2593545
01-04-2025,5112424,8,2527572,3060243,2593663
31-03-2025,5102283,8,2517816,3051489,2593660
30-03-2025,5097787,8,2514368,3048386,2592679
29-03-2025,5093379,8,2510444,3044969,2592222
28-03-2025,5085206,8,2503630,3038287,2591495
27-03-2025,5075968,8,2494779,3030378,2591416
26-03-2025,5066213,8,2485615,3021995,2591356
25-03-2025,5056070,8,2475945,3013206,2591104
24-03-2025,5045347,8,2465993,3004100,2590882
23-03-2025,5040890,8,2461884,3000436,2590680
22-03-2025,5036294,8,2457754,2996771,2590298
21-03-2025,5027979,8,2450362,2989883,2589839
20-03-2025,5018439,8,2441634,2981878,2589428
19-03-2025,5008970,8,2432760,2973747,2589247
18-03-2025,4998765,8,2423301,2964880,2589102
17-03-2025,4987850,8,2413078,2955647,2588943
16-03-2025,4983407,8,2409029,2952060,2588662
15-03-2025,4978811,8,2404713,2948317,2588417
14-03-2025,4970216,8,2397061,2941074,2588039
13-03-2025,4959783,8,2387854,2932620,2587273
12-03-2025,4949411,7,2377915,2923603,2587254
11-03-2025,4938717,7,2367583,2914311,2587251
10-03-2025,4927530,7,2359176,2904328,2586945
09-03-2025,4922896,7,2355269,2900519,2586650
08-03-2025,4919077,7,2351935,2897245,2586650
07-03-2025,4910625,7,2345364,2890186,2586000
06-03-2025,4900967,7,2337236,2881790,2585821
05-03-2025,4891137,7,2328799,2872876,2586012
04-03-2025,4881067,7,2319972,2864122,2586012
03-03-2025,4869812,7,2310560,2854640,2585575
02-03-2025,4865583,7,2306881,2851065,2585385
01-03-2025,4860830,7,2302964,2847290,2584885
28-02-2025,4851537,7,2295486,2839748,2584097
27-02-2025,4842445,7,2287532,2831573,2584235
26-02-2025,4831821,7,2278304,2822308,2583977
25-02-2025,4820852,7,2268398,2812837,2583977
24-02-2025,4809037,7,2258165,2803174,2583167
23-02-2025,4804629,7,2254017,2799454,2583167
22-02-2025,4799742,7,2249859,2795573,2582662
21-02-2025,4790598,7,2241673,2787952,2582221
20-02-2025,4779197,7,2231617,2778885,2581307
19-02-2025,4768125,7,2221150,2769393,2581204
18-02-2025,4756704,7,2210274,2759440,2581248
17-02-2025,4744485,7,2199236,2749146,2580805
16-02-2025,4740192,7,2195018,2745360,2580997
15-02-2025,4735747,7,2190930,2741721,2580755
14-02-2025,4727481,7,2182995,2734216,2581121
13-02-2025,4718277,7,2172498,2724603,2583249
12-02-2025,4709062,7,2160687,2714008,2586770
11-02-2025,4695523,7,2146924,2701494,2587199
10-02-2025,4690241,7,2142072,2696659,2587001
09-02-2025,4688814,7,2140689,2695018,2586941
08-02-2025,4687801,7,2139377,2693431,2587149
07-02-2025,4685651,7,2137288,2690924,2587149
06-02-2025,4682906,7,2134894,2687970,2586831
05-02-2025,4680076,7,2132347,2684801,2586589
04-02-2025,4677170,7,2129704,2681564,2586374
03-02-2025,4673938,7,2126760,2678004,2586156
02-02-2025,4672462,7,2125445,2676420,2585987
01-02-2025,4670902,7,2124083,2674852,2585746
31-01-2025,4667990,7,2121975,2672274,2584879
30-01-2025,4665098,7,2119472,2669244,2584495
29-01-2025,4662336,7,2116821,2665986,2584408
28-01-2025,4659169,7,2113967,2662531,2584079
27-01-2025,4656095,7,2111029,2658930,2584071
26-01-2025,4654700,7,2109676,2657297,2584045
25-01-2025,4653204,7,2108466,2655830,2583703
24-01-2025,4650922,7,2106338,2653200,2583611
23-01-2025,4647461,7,2103704,2649965,2582797
22-01-2025,4644713,7,2100997,2646670,2582768
21-01-2025,4641524,7,2098165,2643132,2582501
20-01-2025,4638053,7,2095279,2639503,2582039
19-01-2025,4636554,7,2093902,2637854,2581891
18-01-2025,4635080,7,2092679,2636419,2581588
17-01-2025,4632522,7,2090480,2633717,2581263
16-01-2025,4629488,7,2087896,2630464,2580803
15-01-2025,4626613,7,2085035,2627018,2580828
14-01-2025,4623484,7,2082036,2623380,2580738
13-01-2025,4619879,7,2078931,2619539,2580406
12-01-2025,4617672,7,2077388,2617732,2579633
11-01-2025,4616474,7,2076208,2616333,2579633
10-01-2025,4612779,7,2073799,2613328,2578333
09-01-2025,4609682,7,2070724,2609474,2578331
08-01-2025,4606312,7,2067456,2605417,2578245
07-01-2025,4603001,7,2064075,2600945,2578452
06-01-2025,4601235,7,2062597,2599204,2578158
05-01-2025,4599779,7,2061568,2597995,2577687
04-01-2025,4598426,7,2060321,2596490,2577494
03-01-2025,4595774,7,2058059,2593684,2577118
02-01-2025,4592943,7,2055420,2590534,2576967
01-01-2025,4592124,7,2054405,2589393,2577118
31-12-2024,4591299,7,2053449,2588311,2577225
30-12-2024,4589155,7,2051535,2586011,2576988
29-12-2024,4588088,7,2050598,2584906,2576832
28-12-2024,4586238,7,2049544,2583670,2575957
27-12-2024,4584248,7,2047818,2581635,2575656
26-12-2024,4583162,7,2046921,2580588,2575451
25-12-2024,4582735,7,2046466,2580013,2575484
24-12-2024,4582086,7,2045721,2579146,2575529
23-12-2024,4580511,7,2044240,2577375,2575465
22-12-2024,4579518,7,2043383,2576386,2575258
21-12-2024,4578477,7,2042519,2575326,2575032
20-12-2024,4576890,7,2040992,2573459,2574934
19-12-2024,4574630,7,2039142,2571134,2574531
18-12-2024,4572754,7,2037197,2568814,2574575
17-12-2024,4570531,7,2035114,2566199,2574511
16-12-2024,4568170,7,2032861,2563520,2574384
15-12-2024,4566167,7,2031825,2562305,2573363
14-12-2024,4565115,7,2030862,2561191,2573219
13-12-2024,4562894,7,2029026,2558960,2572807
12-12-2024,4560561,7,2026965,2556425,2572583
11-12-2024,4558100,7,2024660,2553613,2572441
10-12-2024,4555560,7,2022237,2550738,2572294
09-12-2024,4553032,7,2019818,2547843,2572214
08-12-2024,4551685,7,2018769,2546604,2571904
07-12-2024,4551186,7,2017799,2545446,2572380
06-12-2024,4551222,7,2016038,2543330,2574288
05-12-2024,4550324,7,2013775,2540605,2575751
04-12-2024,4548047,7,2011438,2537712,2575853
03-12-2024,4548230,7,2009073,2534899,2578638
02-12-2024,4546156,7,2006787,2532059,2578933
01-12-2024,4544478,7,2005752,2530850,2578184
30-11-2024,4539748,7,2004766,2529671,2574007
29-11-2024,4535165,7,2002983,2527518,2570895
28-11-2024,4529586,7,2000983,2525070,2567030
27-11-2024,4524630,7,1998932,2522527,2563823
26-11-2024,4519567,7,1996802,2519863,2560597
25-11-2024,4516282,7,1994511,2517070,2559525
24-11-2024,4513308,7,1993537,2515920,2557296
23-11-2024,4509459,7,1992576,2514758,2553975
22-11-2024,4504968,7,1990815,2512586,2550955
21-11-2024,4500370,7,1988799,2510054,2548126
20-11-2024,4495957,7,1986497,2507273,2545802
19-11-2024,4491811,7,1984082,2504349,2543814
18-11-2024,4488556,7,1981697,2501439,2542918
17-11-2024,4486277,7,1980661,2500193,2541531
16-11-2024,4483740,7,1979710,2499049,2539713
15-11-2024,4480409,7,1977838,2496744,2538072
14-11-2024,4476722,7,1975580,2493982,2536512
13-11-2024,4473372,7,1973097,2490986,2535559
12-11-2024,4469897,7,1970607,2488027,2534462
11-11-2024,4467096,7,1968197,2485090,2534081
10-11-2024,4465264,7,1967093,2483784,2533264
09-11-2024,4463399,7,1966055,2482560,2532287
08-11-2024,4460745,7,1964244,2480354,2531310
07-11-2024,4457545,7,1961994,2477632,2530244
06-11-2024,4454628,7,1959579,2474785,2529593
05-11-2024,4451737,7,1957183,2471896,2528999
04-11-2024,4449000,7,1954654,2468916,2528752
03-11-2024,4447622,7,1953646,2467743,2528258
02-11-2024,4446413,7,1952838,2466771,2527719
01-11-2024,4445176,7,1951866,2465609,2527384
31-10-2024,4443084,7,1950192,2463600,2526934
30-10-2024,4440749,7,1947951,2460936,2526802
29-10-2024,4438198,7,1945540,2457980,2526666
28-10-2024,4435616,7,1943240,2455149,2526436
27-10-2024,4434382,7,1942222,2453953,2526224
26-10-2024,4432995,7,1941195,2452706,2525844
25-10-2024,4430700,7,1939314,2450378,2525443
24-10-2024,4427870,7,1937073,2447668,2524838
23-10-2024,4425300,7,1934665,2444613,2524738
22-10-2024,4422810,7,1932303,2441726,2524638
21-10-2024,4420022,7,1929920,2438695,2524333
20-10-2024,4418648,7,1928838,2437366,2524026
19-10-2024,4416904,7,1927695,2436034,2523320
18-10-2024,4414675,7,1925716,2433620,2523022
17-10-2024,4412242,7,1923264,2430553,2523032
16-10-2024,4409947,7,1921113,2427821,2523032
15-10-2024,4407207,7,1918528,2424628,2522901
14-10-2024,4404243,,1915769,2421232,2522821
13-10-2024,4401586,7,1914674,2419940,2521106
12-10-2024,4400166,7,1913611,2418687,2520671
11-10-2024,4397449,7,1911496,2416092,2520045
10-10-2024,4394731,7,1909061,2413132,2519776
09-10-2024,4392081,7,1906616,2410066,2519618
08-10-2024,4388658,7,1904011,2406807,2518704
07-10-2024,4385993,7,1901497,2403658,2518704
06-10-2024,4384908,7,1900429,2402411,2518704
05-10-2024,4383655,7,1899351,2401145,2518478
04-10-2024,4381032,7,1897213,2398578,2517981
03-10-2024,4378307,7,1894634,2395447,2517850
02-10-2024,4375506,7,1891939,2392256,2517756
01-10-2024,4372450,7,1889113,2388788,2517603
30-09-2024,4369634,7,1886492,2385519,2517471
29-09-2024,4368377,7,1885412,2384218,2517297
28-09-2024,4366957,7,1884262,2382790,2517023
27-09-2024,4364690,7,1882159,2380265,2516851
26-09-2024,4361761,7,1879653,2377141,2516410
25-09-2024,4358492,7,1876407,2373284,2516354
24-09-2024,4352953,7,1871178,2366831,2516210
23-09-2024,4352953,7,1871178,2366831,2516210
22-09-2024,4351802,7,1870111,2365537,2516124
21-09-2024,4350513,7,1868991,2364208,2515923
20-09-2024,4348049,7,1866765,2361474,2515726
19-09-2024,4345434,7,1864357,2358463,2515608
18-09-2024,4342788,7,1861892,2355402,2515508
17-09-2024,4340033,7,1859301,2352072,2515458
16-09-2024,4337521,3,1856903,2349057,2515464
15-09-2024,4336492,7,1855871,2347850,2515447
14-09-2024,4335216,7,1854687,2346428,2515299
13-09-2024,4332940,7,1852632,2343830,2515123
12-09-2024,4330274,7,1850225,2340818,2514943
11-09-2024,4327452,7,1847630,2337600,2514809
10-09-2024,4324549,7,1845005,2334434,2514566
09-09-2024,4317252,7,1838518,2326522,2513889
08-09-2024,4317252,7,1838518,2326522,2513889
07-09-2024,4317252,7,1838518,2326522,2513889
06-09-2024,4317252,7,1838518,2326522,2513889
05-09-2024,4313354,7,1836283,2323667,2512198
04-09-2024,4310707,7,1833945,2320817,2511931
03-09-2024,4307977,7,1831531,2317869,2511635
02-09-2024,4305516,7,1829236,2315047,2511544
01-09-2024,4304497,7,1828328,2313984,2511443
31-08-2024,4303467,7,1827430,2312895,2511279
30-08-2024,4299110,7,1824100,2308866,2510203
29-08-2024,4299110,7,1824100,2308866,2510203
28-08-2024,4297164,7,1822203,2306572,2510171
27-08-2024,4295106,7,1820251,2304137,2510140
26-08-2024,4292477,7,1818122,2301838,2509399
25-08-2024,4291754,7,1818032,2301055,2509264
24-08-2024,4290823,7,1817384,2300264,2508953
23-08-2024,4289695,7,1816163,2298754,2509100
22-08-2024,4288134,7,1814757,2297015,2508958
21-08-2024,4287523,7,1813333,2295202,2509946
20-08-2024,4286329,7,1812068,2293584,2510006
19-08-2024,4284669,6,1810465,2291650,2510006
18-08-2024,4283986,6,1809788,2290849,2510006
17-08-2024,4283381,6,1809282,2290262,2509896
16-08-2024,4282591,6,1808533,2289342,2509859
15-08-2024,4281769,6,1808052,2288772,2509469
14-08-2024,4280802,6,1807189,2287742,2509343
13-08-2024,4279506,6,1806017,2286313,2509207
12-08-2024,4277955,6,1804788,2284785,2508894
11-08-2024,4277105,6,1804283,2284185,2508557
10-08-2024,4276326,6,1803663,2283438,2508357
09-08-2024,4274925,6,1802391,2281854,2508208
08-08-2024,4273104,6,1800903,2279997,2507920
07-08-2024,4271356,6,1799181,2277903,2507933
06-08-2024,4269418,6,1797320,2275648,2507901
05-08-2024,4267516,6,1795544,2273483,2507819
04-08-2024,4266783,6,1794854,2272639,2507779
03-08-2024,4265511,6,1793995,2271625,2507328
02-08-2024,4263581,6,1792419,2269740,2506975
01-08-2024,4261322,6,1790447,2267420,2506695
31-07-2024,4259200,6,1788434,2264923,2506620
30-07-2024,4257034,6,1786319,2262380,2506603
29-07-2024,4254762,6,1784286,2259921,2506407
28-07-2024,4253890,6,1783536,2259018,2506291
27-07-2024,4252901,6,1782671,2258018,2506119
26-07-2024,4250715,6,1780519,2255443,2505986
25-07-2024,4247937,6,1778582,2253056,2504457
24-07-2024,4245848,6,1776557,2250600,2504457
23-07-2024,4243547,6,1774343,2247910,2504457
22-07-2024,4241275,6,1772176,2245271,2504457
21-07-2024,4240458,6,1771391,2244316,2504457
20-07-2024,4239525,6,1770484,2243209,2504457
19-07-2024,4237786,6,1768767,2241147,2504457
18-07-2024,4235715,6,1766790,2238667,2504457
17-07-2024,4233340,6,1764551,2235879,2504457
16-07-2024,4231130,6,1762449,2233258,2504457
15-07-2024,4229038,6,1760446,2230750,2504457
14-07-2024,4228214,6,1759679,2229815,2504457
13-07-2024,4227274,6,1758780,2228758,2504457
12-07-2024,4225502,6,1757045,2226683,2504457
11-07-2024,4223347,6,1754971,2224182,2504457
10-07-2024,4221015,6,1752723,2221449,2504457
09-07-2024,4218706,6,1750553,2218751,2504457
08-07-2024,4216473,6,1748246,2215977,2504639
07-07-2024,4215501,6,1747292,2214809,2504653
06-07-2024,4214568,6,1746300,2213669,2504675
05-07-2024,4212538,6,1744618,2211371,2504437
04-07-2024,4210054,6,1742335,2208634,2504187
03-07-2024,4207478,6,1739988,2205720,2504010
02-07-2024,4204908,6,1737627,2202858,2503833
01-07-2024,4202261,6,1735378,2199965,2503544
30-06-2024,4201170,6,1734705,2198917,2503298
29-06-2024,4199459,6,1733835,2197877,2502364
28-06-2024,4197549,6,1732227,2195854,2502095
27-06-2024,4195020,6,1729849,2193227,2501734
26-06-2024,4192633,6,1727647,2190526,2501574
25-06-2024,4190235,6,1725335,2187836,2501512
24-06-2024,4187493,6,1723243,2185274,2500922
23-06-2024,4186323,6,1722338,2184206,2500671
22-06-2024,4185256,6,1721435,2183144,2500469
21-06-2024,4183279,6,1719781,2181059,2500176
20-06-2024,4181023,6,1717914,2178721,2499799
19-06-2024,4178801,6,1715786,2176157,2499740
18-06-2024,4176552,6,1713636,2173396,2499718
17-06-2024,4174098,6,1711484,2170632,2499523
16-06-2024,4172817,6,1710626,2169607,2499094
15-06-2024,4171614,6,1709670,2168486,2498810
14-06-2024,4169057,6,1707953,2166320,2498006
13-06-2024,4164396,6,1703703,2160976,2497728
12-06-2024,4164396,6,1703703,2160976,2497728
11-06-2024,4161806,6,1701236,2158018,2497627
10-06-2024,4157864,6,1697638,2153620,2497339
09-06-2024,4156682,6,1696519,2152199,2497282
08-06-2024,4154654,6,1694660,2149934,2497094
07-06-2024,4152345,6,1692544,2147307,2496912
06-06-2024,4150106,6,1690398,2144631,2496888
05-06-2024,4150106,6,1690398,2144631,2496888
04-06-2024,4147813,6,1688103,2141800,2496887
03-06-2024,4144723,6,1685671,2138724,2496293
02-06-2024,4143249,6,1684327,2137076,2496228
01-06-2024,4142096,6,1683295,2135874,2496110
31-05-2024,4139797,6,1681411,2133591,2495629
30-05-2024,4137271,6,1679370,2131041,2495203
29-05-2024,4135001,6,1677185,2128305,2495135
28-05-2024,4132652,6,1674876,2125434,2495182
27-05-2024,4130381,6,1672647,2122581,2495225