MESE,ANNO,TIPO_SOGGETTO,TIPOLOGIA_DI_RETTIFICA,STATO_DI_LAVORAZIONE,TOTALE
10,2026,AIRE,ATTO DI NASCITA: COMUNEREGISTRAZIONE,IN LAVORAZIONE,2
10,2026,AIRE,ATTO DI NASCITA: PARTE,IN LAVORAZIONE,1
10,2026,AIRE,ATTO DI NASCITA: SERIE,IN LAVORAZIONE,2
10,2026,AIRE,CARTA DI IDENTITÀ: CARTACEAELETTRONICA,IN LAVORAZIONE,1
10,2026,AIRE,CARTA DI IDENTITÀ: DATARILASCIO,IN LAVORAZIONE,1
10,2026,AIRE,CARTA DI IDENTITÀ: DATASCADENZA,IN LAVORAZIONE,1
10,2026,AIRE,CARTA DI IDENTITÀ: NUMERO,IN LAVORAZIONE,2
10,2026,AIRE,DIVORZIO: ANNO,IN LAVORAZIONE,1
10,2026,AIRE,DIVORZIO: AUTORITA,IN LAVORAZIONE,1
10,2026,AIRE,DIVORZIO: COMUNEREGISTRAZIONE,IN LAVORAZIONE,1
10,2026,AIRE,DIVORZIO: DATAFORMAZIONEATTO,IN LAVORAZIONE,1
10,2026,AIRE,DIVORZIO: DATASENTENZA,IN LAVORAZIONE,1
10,2026,AIRE,DIVORZIO: NUMEROATTO,IN LAVORAZIONE,1
10,2026,AIRE,DIVORZIO: NUMEROSENTENZA,IN LAVORAZIONE,1
10,2026,AIRE,DIVORZIO: PARTE,IN LAVORAZIONE,1
10,2026,AIRE,DIVORZIO: SERIE,IN LAVORAZIONE,1
10,2026,AIRE,DIVORZIO: TIPOTRIBUNALE,IN LAVORAZIONE,1
10,2026,AIRE,GENERALITÀ: COGNOME,IN LAVORAZIONE,1
10,2026,AIRE,GENERALITÀ: NOME,IN LAVORAZIONE,1
10,2026,AIRE,MATRIMONIO: CODICEFISCALE,IN LAVORAZIONE,4
10,2026,AIRE,MATRIMONIO: CONIUGECOGNOME,IN LAVORAZIONE,1
10,2026,AIRE,MATRIMONIO: CONIUGENOME,ACCOLTA,1
10,2026,AIRE,MATRIMONIO: CONIUGENOME,IN LAVORAZIONE,8
10,2026,AIRE,MATRIMONIO: DATANASCITA,IN LAVORAZIONE,7
10,2026,AIRE,MATRIMONIO: LUOGOEVENTO,IN LAVORAZIONE,4
10,2026,AIRE,MATRIMONIO: LUOGONASCITA,IN LAVORAZIONE,9
10,2026,AIRE,RESIDENZA: CAPESTERO,ACCOLTA,1
10,2026,AIRE,RESIDENZA: CAPESTERO,IN LAVORAZIONE,10
10,2026,AIRE,RESIDENZA: CAPESTERO,IRRICEVIBILE,3
10,2026,AIRE,RESIDENZA: CIVICOESTERO,IN LAVORAZIONE,1
10,2026,AIRE,RESIDENZA: CIVICOESTERO,IRRICEVIBILE,2
10,2026,AIRE,RESIDENZA: CONSOLATO,IN LAVORAZIONE,2
10,2026,AIRE,RESIDENZA: CONSOLATO,IRRICEVIBILE,1
10,2026,AIRE,RESIDENZA: INDIRIZZOESTERO,IN LAVORAZIONE,20
10,2026,AIRE,RESIDENZA: INDIRIZZOESTERO,IRRICEVIBILE,3
10,2026,AIRE,RESIDENZA: INDIRIZZOESTERO,RESPINTA,1
10,2026,AIRE,RESIDENZA: LOCALITAESTERA,IN LAVORAZIONE,6
10,2026,AIRE,RESIDENZA: LOCALITAESTERA,IRRICEVIBILE,1
10,2026,AIRE,RESIDENZA: PROVINCIACONTEA,IRRICEVIBILE,1
10,2026,AIRE,RESIDENZA: STATOESTERO,IN LAVORAZIONE,2
10,2026,AIRE,RESIDENZA: STATOESTERO,IRRICEVIBILE,1
10,2026,AIRE,STATO CIVILE: STATOCIVILE,ACCOLTA,1
10,2026,AIRE,STATO CIVILE: STATOCIVILE,IN LAVORAZIONE,14
10,2026,AIRE,STATO CIVILE: STATOCIVILE,IRRICEVIBILE,2
10,2026,AIRE,UNIONE CIVILE: LUOGOEVENTO,IN LAVORAZIONE,1
10,2026,Residenti,CARTA DI IDENTITÀ: CARTACEAELETTRONICA,ACCOLTA,1
10,2026,Residenti,CARTA DI IDENTITÀ: CARTACEAELETTRONICA,IN LAVORAZIONE,4
10,2026,Residenti,CARTA DI IDENTITÀ: COMUNERILASCIO,ACCOLTA,1
10,2026,Residenti,CARTA DI IDENTITÀ: COMUNERILASCIO,IN LAVORAZIONE,3
10,2026,Residenti,CARTA DI IDENTITÀ: DATARILASCIO,ACCOLTA,1
10,2026,Residenti,CARTA DI IDENTITÀ: DATARILASCIO,IN LAVORAZIONE,5
10,2026,Residenti,CARTA DI IDENTITÀ: DATASCADENZA,ACCOLTA,1
10,2026,Residenti,CARTA DI IDENTITÀ: DATASCADENZA,IN LAVORAZIONE,4
10,2026,Residenti,CARTA DI IDENTITÀ: NUMERO,ACCOLTA,1
10,2026,Residenti,CARTA DI IDENTITÀ: NUMERO,IN LAVORAZIONE,5
10,2026,Residenti,DIVORZIO: AUTORITA,IN LAVORAZIONE,1
10,2026,Residenti,DIVORZIO: COMUNEREGISTRAZIONE,IRRICEVIBILE,1
10,2026,Residenti,DIVORZIO: PARTE,IN LAVORAZIONE,1
10,2026,Residenti,GENERALITÀ: CODICEFISCALE,IN LAVORAZIONE,2
10,2026,Residenti,GENERALITÀ: COGNOME,ACCOLTA,1
10,2026,Residenti,GENERALITÀ: COGNOME,IN LAVORAZIONE,5
10,2026,Residenti,GENERALITÀ: COGNOME,IRRICEVIBILE,1
10,2026,Residenti,GENERALITÀ: DATANASCITA,IN LAVORAZIONE,2
10,2026,Residenti,GENERALITÀ: LUOGONASCITA,IN LAVORAZIONE,7
10,2026,Residenti,GENERALITÀ: NOME,ACCOLTA,1
10,2026,Residenti,GENERALITÀ: NOME,IN LAVORAZIONE,7
10,2026,Residenti,GENERALITÀ: SESSO,IRRICEVIBILE,1
10,2026,Residenti,LEGAME PARENTELA,ACCOLTA,8
10,2026,Residenti,LEGAME PARENTELA,IN LAVORAZIONE,84
10,2026,Residenti,LEGAME PARENTELA,IRRICEVIBILE,16
10,2026,Residenti,MATRIMONIO: CODICEFISCALE,ACCOLTA,1
10,2026,Residenti,MATRIMONIO: CODICEFISCALE,IN LAVORAZIONE,8
10,2026,Residenti,MATRIMONIO: CONIUGECOGNOME,IN LAVORAZIONE,4
10,2026,Residenti,MATRIMONIO: CONIUGENOME,ACCOLTA,1
10,2026,Residenti,MATRIMONIO: CONIUGENOME,IN LAVORAZIONE,5
10,2026,Residenti,MATRIMONIO: DATAEVENTO,IN LAVORAZIONE,7
10,2026,Residenti,MATRIMONIO: DATANASCITA,ACCOLTA,2
10,2026,Residenti,MATRIMONIO: DATANASCITA,IN LAVORAZIONE,10
10,2026,Residenti,MATRIMONIO: LUOGOEVENTO,ACCOLTA,2
10,2026,Residenti,MATRIMONIO: LUOGOEVENTO,IN LAVORAZIONE,7
10,2026,Residenti,MATRIMONIO: LUOGOEVENTO,IRRICEVIBILE,1
10,2026,Residenti,MATRIMONIO: LUOGONASCITA,ACCOLTA,4
10,2026,Residenti,MATRIMONIO: LUOGONASCITA,IN LAVORAZIONE,15
10,2026,Residenti,MATRIMONIO: LUOGONASCITA,IRRICEVIBILE,2
10,2026,Residenti,PERMESSO DI SOGGIORNO: COMUNERILASCIO,IN LAVORAZIONE,12
10,2026,Residenti,PERMESSO DI SOGGIORNO: COMUNERILASCIO,IRRICEVIBILE,1
10,2026,Residenti,PERMESSO DI SOGGIORNO: DATARILASCIO,ACCOLTA,10
10,2026,Residenti,PERMESSO DI SOGGIORNO: DATARILASCIO,IN LAVORAZIONE,37
10,2026,Residenti,PERMESSO DI SOGGIORNO: DATARILASCIO,IRRICEVIBILE,1
10,2026,Residenti,PERMESSO DI SOGGIORNO: DATASCADENZA,ACCOLTA,11
10,2026,Residenti,PERMESSO DI SOGGIORNO: DATASCADENZA,IN LAVORAZIONE,42
10,2026,Residenti,PERMESSO DI SOGGIORNO: DATASCADENZA,IRRICEVIBILE,2
10,2026,Residenti,PERMESSO DI SOGGIORNO: NUMEROPASSAPORTO,ACCOLTA,3
10,2026,Residenti,PERMESSO DI SOGGIORNO: NUMEROPASSAPORTO,IN LAVORAZIONE,21
10,2026,Residenti,PERMESSO DI SOGGIORNO: NUMEROPASSAPORTO,IRRICEVIBILE,1
10,2026,Residenti,PERMESSO DI SOGGIORNO: NUMEROSOGGIORNO,ACCOLTA,11
10,2026,Residenti,PERMESSO DI SOGGIORNO: NUMEROSOGGIORNO,IN LAVORAZIONE,38
10,2026,Residenti,PERMESSO DI SOGGIORNO: NUMEROSOGGIORNO,IRRICEVIBILE,3
10,2026,Residenti,PERMESSO DI SOGGIORNO: QUESTURARILASCIOSOGGIORNO,ACCOLTA,2
10,2026,Residenti,PERMESSO DI SOGGIORNO: QUESTURARILASCIOSOGGIORNO,IN LAVORAZIONE,15
10,2026,Residenti,PERMESSO DI SOGGIORNO: QUESTURARILASCIOSOGGIORNO,IRRICEVIBILE,1
10,2026,Residenti,PERMESSO DI SOGGIORNO: TIPOSOGGIORNO,ACCOLTA,3
10,2026,Residenti,PERMESSO DI SOGGIORNO: TIPOSOGGIORNO,IN LAVORAZIONE,26
10,2026,Residenti,PERMESSO DI SOGGIORNO: TIPOSOGGIORNO,IRRICEVIBILE,1
10,2026,Residenti,RESIDENZA: CAP,ACCOLTA,2
10,2026,Residenti,RESIDENZA: CAP,IN LAVORAZIONE,11
10,2026,Residenti,RESIDENZA: CAP,IRRICEVIBILE,3
10,2026,Residenti,RESIDENZA: CIVICO,ACCOLTA,5
10,2026,Residenti,RESIDENZA: CIVICO,IN LAVORAZIONE,50
10,2026,Residenti,RESIDENZA: CIVICO,IRRICEVIBILE,16
10,2026,Residenti,RESIDENZA: COMUNE,ACCOLTA,2
10,2026,Residenti,RESIDENZA: COMUNE,IN LAVORAZIONE,6
10,2026,Residenti,RESIDENZA: COMUNE,IRRICEVIBILE,2
10,2026,Residenti,RESIDENZA: DENOMINAZIONETOPONIMO,ACCOLTA,2
10,2026,Residenti,RESIDENZA: DENOMINAZIONETOPONIMO,IN LAVORAZIONE,33
10,2026,Residenti,RESIDENZA: DENOMINAZIONETOPONIMO,IRRICEVIBILE,13
10,2026,Residenti,RESIDENZA: ESPONENTE1,IN LAVORAZIONE,3
10,2026,Residenti,RESIDENZA: FRAZIONE,ACCOLTA,1
10,2026,Residenti,RESIDENZA: FRAZIONE,IN LAVORAZIONE,1
10,2026,Residenti,RESIDENZA: INTERNO1,IN LAVORAZIONE,6
10,2026,Residenti,RESIDENZA: INTERNO1,IRRICEVIBILE,1
10,2026,Residenti,RESIDENZA: ISOLATO,IN LAVORAZIONE,1
10,2026,Residenti,RESIDENZA: LETTERA,IN LAVORAZIONE,6
10,2026,Residenti,RESIDENZA: LETTERA,IRRICEVIBILE,1
10,2026,Residenti,RESIDENZA: PROVINCIA,ACCOLTA,1
10,2026,Residenti,RESIDENZA: PROVINCIA,IN LAVORAZIONE,3
10,2026,Residenti,RESIDENZA: PROVINCIA,IRRICEVIBILE,2
10,2026,Residenti,RESIDENZA: SCALA,IRRICEVIBILE,1
10,2026,Residenti,RESIDENZA: SCALAESTERNA,IN LAVORAZIONE,1
10,2026,Residenti,RESIDENZA: SPECIE,IN LAVORAZIONE,6
10,2026,Residenti,RESIDENZA: SPECIE,IRRICEVIBILE,1
10,2026,Residenti,STATO CIVILE: STATOCIVILE,ACCOLTA,14
10,2026,Residenti,STATO CIVILE: STATOCIVILE,IN LAVORAZIONE,174
10,2026,Residenti,STATO CIVILE: STATOCIVILE,IRRICEVIBILE,37
10,2026,Residenti,UNIONE CIVILE: DATAEVENTO,IN LAVORAZIONE,1