ANNO,MESE,TIPO_SOGGETTO,TIPOLOGIA,TOTALE
2022,2,AIRE,ESPATRI,8610
2022,2,AIRE,ESTERO CON ESTERO,22485
2022,2,AIRE,RIENTRI AIRE,1401
2022,2,Residenti,DIVERSA REGIONE,34838
2022,2,Residenti,ESPATRI,635
2022,2,Residenti,RIENTRI AIRE,6937
2022,2,Residenti,STESSA REGIONE,110915
2022,2,Residenti,STESSO COMUNE,168666
2022,3,AIRE,ESPATRI,9665
2022,3,AIRE,ESTERO CON ESTERO,26892
2022,3,AIRE,RIENTRI AIRE,1739
2022,3,Residenti,DIVERSA REGIONE,38192
2022,3,Residenti,ESPATRI,711
2022,3,Residenti,RIENTRI AIRE,7628
2022,3,Residenti,STESSA REGIONE,121188
2022,3,Residenti,STESSO COMUNE,185739
2022,4,AIRE,ESPATRI,7670
2022,4,AIRE,ESTERO CON ESTERO,22366
2022,4,AIRE,RIENTRI AIRE,1596
2022,4,Residenti,DIVERSA REGIONE,30406
2022,4,Residenti,ESPATRI,538
2022,4,Residenti,RIENTRI AIRE,6343
2022,4,Residenti,STESSA REGIONE,110432
2022,4,Residenti,STESSO COMUNE,147213
2022,5,AIRE,ESPATRI,7293
2022,5,AIRE,ESTERO CON ESTERO,25252
2022,5,AIRE,RIENTRI AIRE,1833
2022,5,Residenti,DIVERSA REGIONE,35865
2022,5,Residenti,ESPATRI,595
2022,5,Residenti,RIENTRI AIRE,7796
2022,5,Residenti,STESSA REGIONE,119481
2022,5,Residenti,STESSO COMUNE,178313
2022,6,AIRE,ESPATRI,6785
2022,6,AIRE,ESTERO CON ESTERO,21540
2022,6,AIRE,RIENTRI AIRE,1849
2022,6,Residenti,DIVERSA REGIONE,34752
2022,6,Residenti,ESPATRI,466
2022,6,Residenti,RIENTRI AIRE,7418
2022,6,Residenti,STESSA REGIONE,115100
2022,6,Residenti,STESSO COMUNE,158465
2022,7,AIRE,ESPATRI,7659
2022,7,AIRE,ESTERO CON ESTERO,22598
2022,7,AIRE,RIENTRI AIRE,2035
2022,7,Residenti,DIVERSA REGIONE,36956
2022,7,Residenti,ESPATRI,508
2022,7,Residenti,RIENTRI AIRE,7900
2022,7,Residenti,STESSA REGIONE,115622
2022,7,Residenti,STESSO COMUNE,151978
2022,8,AIRE,ESPATRI,7911
2022,8,AIRE,ESTERO CON ESTERO,38804
2022,8,AIRE,RIENTRI AIRE,2269
2022,8,Residenti,DIVERSA REGIONE,39269
2022,8,Residenti,ESPATRI,524
2022,8,Residenti,RIENTRI AIRE,8011
2022,8,Residenti,STESSA REGIONE,112752
2022,8,Residenti,STESSO COMUNE,143692
2022,9,AIRE,ESPATRI,6919
2022,9,AIRE,ESTERO CON ESTERO,25803
2022,9,AIRE,RIENTRI AIRE,2040
2022,9,Residenti,DIVERSA REGIONE,45811
2022,9,Residenti,ESPATRI,497
2022,9,Residenti,RIENTRI AIRE,8811
2022,9,Residenti,STESSA REGIONE,115096
2022,9,Residenti,STESSO COMUNE,155843
2022,10,AIRE,ESPATRI,7939
2022,10,AIRE,ESTERO CON ESTERO,27867
2022,10,AIRE,RIENTRI AIRE,1793
2022,10,Residenti,DIVERSA REGIONE,43512
2022,10,Residenti,ESPATRI,667
2022,10,Residenti,RIENTRI AIRE,8478
2022,10,Residenti,STESSA REGIONE,123473
2022,10,Residenti,STESSO COMUNE,168845
2022,11,AIRE,ESPATRI,9394
2022,11,AIRE,ESTERO CON ESTERO,27973
2022,11,AIRE,RIENTRI AIRE,1606
2022,11,Residenti,DIVERSA REGIONE,40203
2022,11,Residenti,ESPATRI,722
2022,11,Residenti,RIENTRI AIRE,7901
2022,11,Residenti,STESSA REGIONE,119994
2022,11,Residenti,STESSO COMUNE,175956
2022,12,AIRE,ESPATRI,8568
2022,12,AIRE,ESTERO CON ESTERO,23487
2022,12,AIRE,RIENTRI AIRE,1531
2022,12,Residenti,DIVERSA REGIONE,33156
2022,12,Residenti,ESPATRI,548
2022,12,Residenti,RIENTRI AIRE,6123
2022,12,Residenti,STESSA REGIONE,109009
2022,12,Residenti,STESSO COMUNE,174791
2023,1,AIRE,ESPATRI,9498
2023,1,AIRE,ESTERO CON ESTERO,23844
2023,1,AIRE,RIENTRI AIRE,1889
2023,1,Residenti,DIVERSA REGIONE,42096
2023,1,Residenti,ESPATRI,724
2023,1,Residenti,RIENTRI AIRE,7464
2023,1,Residenti,STESSA REGIONE,131230
2023,1,Residenti,STESSO COMUNE,188091
2023,2,AIRE,ESPATRI,10174
2023,2,AIRE,ESTERO CON ESTERO,24488
2023,2,AIRE,RIENTRI AIRE,1510
2023,2,Residenti,DIVERSA REGIONE,36106
2023,2,Residenti,ESPATRI,788
2023,2,Residenti,RIENTRI AIRE,6888
2023,2,Residenti,STESSA REGIONE,110178
2023,2,Residenti,STESSO COMUNE,163041
2023,3,AIRE,ESPATRI,11881
2023,3,AIRE,ESTERO CON ESTERO,27958
2023,3,AIRE,RIENTRI AIRE,1712
2023,3,Residenti,DIVERSA REGIONE,39620
2023,3,Residenti,ESPATRI,808
2023,3,Residenti,RIENTRI AIRE,7863
2023,3,Residenti,STESSA REGIONE,124238
2023,3,Residenti,STESSO COMUNE,209132
2023,4,AIRE,ESPATRI,7710
2023,4,AIRE,ESTERO CON ESTERO,20069
2023,4,AIRE,RIENTRI AIRE,1598
2023,4,Residenti,DIVERSA REGIONE,29293
2023,4,Residenti,ESPATRI,537
2023,4,Residenti,RIENTRI AIRE,6021
2023,4,Residenti,STESSA REGIONE,93614
2023,4,Residenti,STESSO COMUNE,131735
2023,5,AIRE,ESPATRI,9769
2023,5,AIRE,ESTERO CON ESTERO,24899
2023,5,AIRE,RIENTRI AIRE,1807
2023,5,Residenti,DIVERSA REGIONE,35844
2023,5,Residenti,ESPATRI,770
2023,5,Residenti,RIENTRI AIRE,7628
2023,5,Residenti,STESSA REGIONE,117595
2023,5,Residenti,STESSO COMUNE,168000
2023,6,AIRE,ESPATRI,8594
2023,6,AIRE,ESTERO CON ESTERO,21609
2023,6,AIRE,RIENTRI AIRE,1953
2023,6,Residenti,DIVERSA REGIONE,34146
2023,6,Residenti,ESPATRI,580
2023,6,Residenti,RIENTRI AIRE,7190
2023,6,Residenti,STESSA REGIONE,113447
2023,6,Residenti,STESSO COMUNE,157028
2023,7,AIRE,ESPATRI,7085
2023,7,AIRE,ESTERO CON ESTERO,19996
2023,7,AIRE,RIENTRI AIRE,2020
2023,7,Residenti,DIVERSA REGIONE,36985
2023,7,Residenti,ESPATRI,541
2023,7,Residenti,RIENTRI AIRE,7314
2023,7,Residenti,STESSA REGIONE,113733
2023,7,Residenti,STESSO COMUNE,147871
2023,8,AIRE,ESPATRI,7868
2023,8,AIRE,ESTERO CON ESTERO,22714
2023,8,AIRE,RIENTRI AIRE,2180
2023,8,Residenti,DIVERSA REGIONE,35379
2023,8,Residenti,ESPATRI,606
2023,8,Residenti,RIENTRI AIRE,7149
2023,8,Residenti,STESSA REGIONE,105865
2023,8,Residenti,STESSO COMUNE,133820
2023,9,AIRE,ESPATRI,8396
2023,9,AIRE,ESTERO CON ESTERO,23606
2023,9,AIRE,RIENTRI AIRE,2202
2023,9,Residenti,DIVERSA REGIONE,42546
2023,9,Residenti,ESPATRI,592
2023,9,Residenti,RIENTRI AIRE,8344
2023,9,Residenti,STESSA REGIONE,112757
2023,9,Residenti,STESSO COMUNE,148851
2023,10,AIRE,ESPATRI,9514
2023,10,AIRE,ESTERO CON ESTERO,26837
2023,10,AIRE,RIENTRI AIRE,2137
2023,10,Residenti,DIVERSA REGIONE,43754
2023,10,Residenti,ESPATRI,683
2023,10,Residenti,RIENTRI AIRE,8877
2023,10,Residenti,STESSA REGIONE,122586
2023,10,Residenti,STESSO COMUNE,169249
2023,11,AIRE,ESPATRI,9384
2023,11,AIRE,ESTERO CON ESTERO,27033
2023,11,AIRE,RIENTRI AIRE,1910
2023,11,Residenti,DIVERSA REGIONE,37594
2023,11,Residenti,ESPATRI,703
2023,11,Residenti,RIENTRI AIRE,8017
2023,11,Residenti,STESSA REGIONE,111230
2023,11,Residenti,STESSO COMUNE,154496
2023,12,AIRE,ESPATRI,7628
2023,12,AIRE,ESTERO CON ESTERO,22096
2023,12,AIRE,RIENTRI AIRE,2221
2023,12,Residenti,DIVERSA REGIONE,28519
2023,12,Residenti,ESPATRI,582
2023,12,Residenti,RIENTRI AIRE,7141
2023,12,Residenti,STESSA REGIONE,95631
2023,12,Residenti,STESSO COMUNE,131854
2024,1,AIRE,ESPATRI,10564
2024,1,AIRE,ESTERO CON ESTERO,25076
2024,1,AIRE,RIENTRI AIRE,1718
2024,1,Residenti,DIVERSA REGIONE,42036
2024,1,Residenti,ESPATRI,922
2024,1,Residenti,RIENTRI AIRE,7505
2024,1,Residenti,STESSA REGIONE,131928
2024,1,Residenti,STESSO COMUNE,191599
2024,2,AIRE,ESPATRI,14692
2024,2,AIRE,ESTERO CON ESTERO,29912
2024,2,AIRE,RIENTRI AIRE,1478
2024,2,Residenti,DIVERSA REGIONE,35849
2024,2,Residenti,ESPATRI,1166
2024,2,Residenti,RIENTRI AIRE,6920
2024,2,Residenti,STESSA REGIONE,110980
2024,2,Residenti,STESSO COMUNE,164596
2024,3,AIRE,ESPATRI,15659
2024,3,AIRE,ESTERO CON ESTERO,29750
2024,3,AIRE,RIENTRI AIRE,1542
2024,3,Residenti,DIVERSA REGIONE,33462
2024,3,Residenti,ESPATRI,1102
2024,3,Residenti,RIENTRI AIRE,6703
2024,3,Residenti,STESSA REGIONE,107042
2024,3,Residenti,STESSO COMUNE,151317
2024,4,AIRE,ESPATRI,13655
2024,4,AIRE,ESTERO CON ESTERO,28664
2024,4,AIRE,RIENTRI AIRE,1736
2024,4,Residenti,DIVERSA REGIONE,31091
2024,4,Residenti,ESPATRI,990
2024,4,Residenti,RIENTRI AIRE,6396
2024,4,Residenti,STESSA REGIONE,101535
2024,4,Residenti,STESSO COMUNE,141352
2024,5,AIRE,ESPATRI,11901
2024,5,AIRE,ESTERO CON ESTERO,24862
2024,5,AIRE,RIENTRI AIRE,1755
2024,5,Residenti,DIVERSA REGIONE,31829
2024,5,Residenti,ESPATRI,796
2024,5,Residenti,RIENTRI AIRE,6897
2024,5,Residenti,STESSA REGIONE,108488
2024,5,Residenti,STESSO COMUNE,155884
2024,6,AIRE,ESPATRI,10431
2024,6,AIRE,ESTERO CON ESTERO,24974
2024,6,AIRE,RIENTRI AIRE,1683
2024,6,Residenti,DIVERSA REGIONE,30057
2024,6,Residenti,ESPATRI,797
2024,6,Residenti,RIENTRI AIRE,6192
2024,6,Residenti,STESSA REGIONE,103096
2024,6,Residenti,STESSO COMUNE,136242
2024,7,AIRE,ESPATRI,12572
2024,7,AIRE,ESTERO CON ESTERO,28726
2024,7,AIRE,RIENTRI AIRE,2248
2024,7,Residenti,DIVERSA REGIONE,37593
2024,7,Residenti,ESPATRI,951
2024,7,Residenti,RIENTRI AIRE,7575
2024,7,Residenti,STESSA REGIONE,119695
2024,7,Residenti,STESSO COMUNE,155583
2024,8,AIRE,ESPATRI,9352
2024,8,AIRE,ESTERO CON ESTERO,24926
2024,8,AIRE,RIENTRI AIRE,1925
2024,8,Residenti,DIVERSA REGIONE,31033
2024,8,Residenti,ESPATRI,699
2024,8,Residenti,RIENTRI AIRE,6523
2024,8,Residenti,STESSA REGIONE,95433
2024,8,Residenti,STESSO COMUNE,117426
2024,9,AIRE,ESPATRI,9852
2024,9,AIRE,ESTERO CON ESTERO,27147
2024,9,AIRE,RIENTRI AIRE,2233
2024,9,Residenti,DIVERSA REGIONE,40708
2024,9,Residenti,ESPATRI,792
2024,9,Residenti,RIENTRI AIRE,8007
2024,9,Residenti,STESSA REGIONE,108580
2024,9,Residenti,STESSO COMUNE,143394
2024,10,AIRE,ESPATRI,12101
2024,10,AIRE,ESTERO CON ESTERO,31658
2024,10,AIRE,RIENTRI AIRE,2155
2024,10,Residenti,DIVERSA REGIONE,42565
2024,10,Residenti,ESPATRI,877
2024,10,Residenti,RIENTRI AIRE,8433
2024,10,Residenti,STESSA REGIONE,124241
2024,10,Residenti,STESSO COMUNE,171759
2024,11,AIRE,ESPATRI,10430
2024,11,AIRE,ESTERO CON ESTERO,26801
2024,11,AIRE,RIENTRI AIRE,1611
2024,11,Residenti,DIVERSA REGIONE,33485
2024,11,Residenti,ESPATRI,844
2024,11,Residenti,RIENTRI AIRE,6709
2024,11,Residenti,STESSA REGIONE,105239
2024,11,Residenti,STESSO COMUNE,144685
2024,12,AIRE,ESPATRI,8689
2024,12,AIRE,ESTERO CON ESTERO,23274
2024,12,AIRE,RIENTRI AIRE,1681
2024,12,Residenti,DIVERSA REGIONE,29568
2024,12,Residenti,ESPATRI,711
2024,12,Residenti,RIENTRI AIRE,5655
2024,12,Residenti,STESSA REGIONE,104734
2024,12,Residenti,STESSO COMUNE,144396
2025,1,AIRE,ESPATRI,9535
2025,1,AIRE,ESTERO CON ESTERO,24367
2025,1,AIRE,RIENTRI AIRE,1956
2025,1,Residenti,DIVERSA REGIONE,38631
2025,1,Residenti,ESPATRI,699
2025,1,Residenti,RIENTRI AIRE,7072
2025,1,Residenti,STESSA REGIONE,124487
2025,1,Residenti,STESSO COMUNE,174775
2025,2,AIRE,ESPATRI,10636
2025,2,AIRE,ESTERO CON ESTERO,28614
2025,2,AIRE,RIENTRI AIRE,1599
2025,2,Residenti,DIVERSA REGIONE,33905
2025,2,Residenti,ESPATRI,741
2025,2,Residenti,RIENTRI AIRE,6523
2025,2,Residenti,STESSA REGIONE,109594
2025,2,Residenti,STESSO COMUNE,156901
2025,3,AIRE,ESPATRI,11062
2025,3,AIRE,ESTERO CON ESTERO,31016
2025,3,AIRE,RIENTRI AIRE,1678
2025,3,Residenti,DIVERSA REGIONE,34194
2025,3,Residenti,ESPATRI,800
2025,3,Residenti,RIENTRI AIRE,6856
2025,3,Residenti,STESSA REGIONE,112974
2025,3,Residenti,STESSO COMUNE,157067
2025,4,AIRE,ESPATRI,9258
2025,4,AIRE,ESTERO CON ESTERO,29801
2025,4,AIRE,RIENTRI AIRE,1780
2025,4,Residenti,DIVERSA REGIONE,30329
2025,4,Residenti,ESPATRI,693
2025,4,Residenti,RIENTRI AIRE,6406
2025,4,Residenti,STESSA REGIONE,105136
2025,4,Residenti,STESSO COMUNE,143548
2025,5,AIRE,ESPATRI,8432
2025,5,AIRE,ESTERO CON ESTERO,31025
2025,5,AIRE,RIENTRI AIRE,1727
2025,5,Residenti,DIVERSA REGIONE,31512
2025,5,Residenti,ESPATRI,630
2025,5,Residenti,RIENTRI AIRE,6609
2025,5,Residenti,STESSA REGIONE,111149
2025,5,Residenti,STESSO COMUNE,154448
2025,6,AIRE,ESPATRI,8184
2025,6,AIRE,ESTERO CON ESTERO,28929
2025,6,AIRE,RIENTRI AIRE,1842
2025,6,Residenti,DIVERSA REGIONE,31281
2025,6,Residenti,ESPATRI,608
2025,6,Residenti,RIENTRI AIRE,6238
2025,6,Residenti,STESSA REGIONE,108875
2025,6,Residenti,STESSO COMUNE,142308
2025,7,AIRE,ESPATRI,9229
2025,7,AIRE,ESTERO CON ESTERO,31617
2025,7,AIRE,RIENTRI AIRE,2490
2025,7,Residenti,DIVERSA REGIONE,38586
2025,7,Residenti,ESPATRI,662
2025,7,Residenti,RIENTRI AIRE,8091
2025,7,Residenti,STESSA REGIONE,126873
2025,7,Residenti,STESSO COMUNE,162260
2025,8,AIRE,ESPATRI,7184
2025,8,AIRE,ESTERO CON ESTERO,25000
2025,8,AIRE,RIENTRI AIRE,2043
2025,8,Residenti,DIVERSA REGIONE,30624
2025,8,Residenti,ESPATRI,509
2025,8,Residenti,RIENTRI AIRE,6548
2025,8,Residenti,STESSA REGIONE,96718
2025,8,Residenti,STESSO COMUNE,120765
2025,9,AIRE,ESPATRI,8556
2025,9,AIRE,ESTERO CON ESTERO,29023
2025,9,AIRE,RIENTRI AIRE,2424
2025,9,Residenti,DIVERSA REGIONE,41258
2025,9,Residenti,ESPATRI,595
2025,9,Residenti,RIENTRI AIRE,8380
2025,9,Residenti,STESSA REGIONE,113748
2025,9,Residenti,STESSO COMUNE,148056
2025,10,AIRE,ESPATRI,9489
2025,10,AIRE,ESTERO CON ESTERO,33005
2025,10,AIRE,RIENTRI AIRE,2153
2025,10,Residenti,DIVERSA REGIONE,41334
2025,10,Residenti,ESPATRI,699
2025,10,Residenti,RIENTRI AIRE,8436
2025,10,Residenti,STESSA REGIONE,125996
2025,10,Residenti,STESSO COMUNE,171021
2025,11,AIRE,ESPATRI,8563
2025,11,AIRE,ESTERO CON ESTERO,28268
2025,11,AIRE,RIENTRI AIRE,1749
2025,11,Residenti,DIVERSA REGIONE,33438
2025,11,Residenti,ESPATRI,649
2025,11,Residenti,RIENTRI AIRE,6684
2025,11,Residenti,STESSA REGIONE,108035
2025,11,Residenti,STESSO COMUNE,147241
2025,12,AIRE,ESPATRI,8115
2025,12,AIRE,ESTERO CON ESTERO,23932
2025,12,AIRE,RIENTRI AIRE,1666
2025,12,Residenti,DIVERSA REGIONE,30433
2025,12,Residenti,ESPATRI,565
2025,12,Residenti,RIENTRI AIRE,5779
2025,12,Residenti,STESSA REGIONE,107270
2025,12,Residenti,STESSO COMUNE,145179
2026,1,AIRE,ESPATRI,8763
2026,1,AIRE,ESTERO CON ESTERO,28172
2026,1,AIRE,RIENTRI AIRE,1781
2026,1,Residenti,DIVERSA REGIONE,37248
2026,1,Residenti,ESPATRI,591
2026,1,Residenti,RIENTRI AIRE,7174
2026,1,Residenti,STESSA REGIONE,119284
2026,1,Residenti,STESSO COMUNE,164548
2026,2,AIRE,ESPATRI,10336
2026,2,AIRE,ESTERO CON ESTERO,36807
2026,2,AIRE,RIENTRI AIRE,1599
2026,2,Residenti,DIVERSA REGIONE,32876
2026,2,Residenti,ESPATRI,654
2026,2,Residenti,RIENTRI AIRE,6742
2026,2,Residenti,STESSA REGIONE,108190
2026,2,Residenti,STESSO COMUNE,153746
2026,3,AIRE,ESPATRI,9102
2026,3,AIRE,ESTERO CON ESTERO,34735
2026,3,AIRE,RIENTRI AIRE,1830
2026,3,Residenti,DIVERSA REGIONE,33765
2026,3,Residenti,ESPATRI,629
2026,3,Residenti,RIENTRI AIRE,7213
2026,3,Residenti,STESSA REGIONE,114309
2026,3,Residenti,STESSO COMUNE,159034
2026,4,AIRE,ESPATRI,8265
2026,4,AIRE,ESTERO CON ESTERO,30993
2026,4,AIRE,RIENTRI AIRE,1735
2026,4,Residenti,DIVERSA REGIONE,30898
2026,4,Residenti,ESPATRI,581
2026,4,Residenti,RIENTRI AIRE,6549
2026,4,Residenti,STESSA REGIONE,108871
2026,4,Residenti,STESSO COMUNE,150370
2026,5,AIRE,ESPATRI,6935
2026,5,AIRE,ESTERO CON ESTERO,24720
2026,5,AIRE,RIENTRI AIRE,1635
2026,5,Residenti,DIVERSA REGIONE,29301
2026,5,Residenti,ESPATRI,435
2026,5,Residenti,RIENTRI AIRE,6484
2026,5,Residenti,STESSA REGIONE,104790
2026,5,Residenti,STESSO COMUNE,147512
2026,6,AIRE,ESPATRI,6498
2026,6,AIRE,ESTERO CON ESTERO,24711
2026,6,AIRE,RIENTRI AIRE,1812
2026,6,Residenti,DIVERSA REGIONE,32456
2026,6,Residenti,ESPATRI,459
2026,6,Residenti,RIENTRI AIRE,6498
2026,6,Residenti,STESSA REGIONE,112910
2026,6,Residenti,STESSO COMUNE,150178
2026,7,AIRE,ESPATRI,7961
2026,7,AIRE,ESTERO CON ESTERO,28881
2026,7,AIRE,RIENTRI AIRE,2217
2026,7,Residenti,DIVERSA REGIONE,37616
2026,7,Residenti,ESPATRI,548
2026,7,Residenti,RIENTRI AIRE,7796
2026,7,Residenti,STESSA REGIONE,123713
2026,7,Residenti,STESSO COMUNE,158000
2026,8,AIRE,ESPATRI,6919
2026,8,AIRE,ESTERO CON ESTERO,26695
2026,8,AIRE,RIENTRI AIRE,1964
2026,8,Residenti,DIVERSA REGIONE,31538
2026,8,Residenti,ESPATRI,434
2026,8,Residenti,RIENTRI AIRE,6663
2026,8,Residenti,STESSA REGIONE,99559
2026,8,Residenti,STESSO COMUNE,124398
2026,9,AIRE,ESPATRI,7683
2026,9,AIRE,ESTERO CON ESTERO,28824
2026,9,AIRE,RIENTRI AIRE,2281
2026,9,Residenti,DIVERSA REGIONE,41173
2026,9,Residenti,ESPATRI,487
2026,9,Residenti,RIENTRI AIRE,8841
2026,9,Residenti,STESSA REGIONE,115164
2026,9,Residenti,STESSO COMUNE,153005
2026,10,AIRE,ESPATRI,1031
2026,10,AIRE,ESTERO CON ESTERO,3875
2026,10,AIRE,RIENTRI AIRE,358
2026,10,Residenti,DIVERSA REGIONE,5922
2026,10,Residenti,ESPATRI,77
2026,10,Residenti,RIENTRI AIRE,1236
2026,10,Residenti,STESSA REGIONE,18119
2026,10,Residenti,STESSO COMUNE,24188