MESE,ANNO,TIPO_SOGGETTO,AUTOCERTIFICAZIONI,VISURE,TOTALE
4,2021,AIRE,150,535,686
4,2021,Residenti,14338,33638,47996
5,2021,AIRE,148,434,582
5,2021,Residenti,12157,26000,38171
6,2021,AIRE,109,420,539
6,2021,Residenti,11665,26962,38719
7,2021,AIRE,131,410,551
7,2021,Residenti,10293,23040,33529
8,2021,AIRE,134,336,478
8,2021,Residenti,7722,18072,25974
9,2021,AIRE,97,338,453
9,2021,Residenti,13623,29768,43640
10,2021,AIRE,265,897,1202
10,2021,Residenti,28952,66991,96480
11,2021,AIRE,2425,11257,19937
11,2021,Residenti,199243,815333,1494047
12,2021,AIRE,843,4178,8391
12,2021,Residenti,47130,210029,558808
1,2022,AIRE,823,4650,8538
1,2022,Residenti,65404,270399,720939
2,2022,AIRE,779,3967,7597
2,2022,Residenti,54341,227913,635195
3,2022,AIRE,864,3762,7478
3,2022,Residenti,53499,218939,643361
4,2022,AIRE,804,3823,7463
4,2022,Residenti,42522,187927,532065
5,2022,AIRE,770,4096,8025
5,2022,Residenti,48289,215954,623891
6,2022,AIRE,781,3722,7288
6,2022,Residenti,44085,193111,573129
7,2022,AIRE,698,3670,7090
7,2022,Residenti,40496,192941,555124
8,2022,AIRE,764,3684,7255
8,2022,Residenti,32717,163205,447218
9,2022,AIRE,792,4007,7770
9,2022,Residenti,50436,234606,731371
10,2022,AIRE,853,4242,8172
10,2022,Residenti,49302,234141,705565
11,2022,AIRE,883,4251,8252
11,2022,Residenti,48157,227700,666753
12,2022,AIRE,828,4123,8164
12,2022,Residenti,40668,193782,558356
1,2023,AIRE,1168,5433,10186
1,2023,Residenti,69960,307713,829744
2,2023,AIRE,1170,4776,9092
2,2023,Residenti,59857,254055,700945
3,2023,AIRE,1414,5774,10578
3,2023,Residenti,82233,309878,766024
4,2023,AIRE,1347,5342,9395
4,2023,Residenti,74275,271003,624168
5,2023,AIRE,1477,5900,10260
5,2023,Residenti,91811,326701,758874
6,2023,AIRE,1340,5439,9395
6,2023,Residenti,80318,288047,671666
7,2023,AIRE,1310,5155,9116
7,2023,Residenti,76130,276340,675010
8,2023,AIRE,1083,4982,8457
8,2023,Residenti,55377,219445,529311
9,2023,AIRE,1403,5483,9568
9,2023,Residenti,82203,306261,820861
10,2023,AIRE,1399,6126,10417
10,2023,Residenti,81161,315861,801477
11,2023,AIRE,1383,5870,9995
11,2023,Residenti,75353,293116,706832
12,2023,AIRE,1386,5621,9666
12,2023,Residenti,61828,258498,731560
1,2024,AIRE,1765,7292,12603
1,2024,Residenti,111414,402249,1348152
2,2024,AIRE,1596,7469,12834
2,2024,Residenti,98365,364227,1323300
3,2024,AIRE,1712,7278,13099
3,2024,Residenti,96380,337904,1306532
4,2024,AIRE,1725,7129,12882
4,2024,Residenti,87808,310281,1238403
5,2024,AIRE,1846,7793,13845
5,2024,Residenti,99501,352532,1404213
6,2024,AIRE,1675,7276,12721
6,2024,Residenti,86342,313158,1234714
7,2024,AIRE,1668,7264,12851
7,2024,Residenti,86338,314719,1338579
8,2024,AIRE,1259,6304,10582
8,2024,Residenti,56696,216471,734970
9,2024,AIRE,1670,7433,13185
9,2024,Residenti,94125,349532,1464754
10,2024,AIRE,1740,7823,14119
10,2024,Residenti,98247,359069,1568261
11,2024,AIRE,1690,7435,13374
11,2024,Residenti,86232,311847,1351671
12,2024,AIRE,1661,6834,12453
12,2024,Residenti,72893,269364,1100882
1,2025,AIRE,1990,8932,15781
1,2025,Residenti,123995,419492,1627495
2,2025,AIRE,2274,23093,29902
2,2025,Residenti,125410,1638828,2780378
3,2025,AIRE,2400,31462,38694
3,2025,Residenti,141841,2234643,3419428
4,2025,AIRE,2445,32237,39330
4,2025,Residenti,121330,2071644,3117767
5,2025,AIRE,2446,39762,47139
5,2025,Residenti,128535,2688314,3833706
6,2025,AIRE,2365,39861,47331
6,2025,Residenti,118813,2516619,3598634
7,2025,AIRE,2632,42793,51127
7,2025,Residenti,133434,2794500,4036951
8,2025,AIRE,2044,34231,40432
8,2025,Residenti,92311,1878487,2520238
9,2025,AIRE,2573,42748,51196
9,2025,Residenti,159587,3231518,4618073
10,2025,AIRE,2886,43637,52313
10,2025,Residenti,161035,3066738,4451383
11,2025,AIRE,2490,39865,47541
11,2025,Residenti,133705,2663052,3868090
12,2025,AIRE,2240,36722,43551
12,2025,Residenti,106314,2180958,3143210
1,2026,AIRE,3033,51666,61082
1,2026,Residenti,193454,3240642,4570341
2,2026,AIRE,2706,45155,53970
2,2026,Residenti,153423,2875889,4175309
3,2026,AIRE,3160,49821,59651
3,2026,Residenti,161506,3178791,4621058
4,2026,AIRE,3025,46516,55320
4,2026,Residenti,168734,2894765,4177681
5,2026,AIRE,3151,47648,56672
5,2026,Residenti,164297,2855229,4122311
6,2026,AIRE,2930,47755,56673
6,2026,Residenti,159950,2841864,4092813
7,2026,AIRE,3020,50791,60128
7,2026,Residenti,172475,3088374,4475229
8,2026,AIRE,2585,45472,52521
8,2026,Residenti,122250,2079133,2808651
9,2026,AIRE,3105,53525,63063
9,2026,Residenti,197343,3471251,5006479